state_name,region_code,code
Saxony and Saxony-Anhalt,01 Region Dresden,01001-01462 - Dresden
Saxony and Saxony-Anhalt,01 Region Dresden,01616 - Strehla
Saxony and Saxony-Anhalt,01 Region Dresden,01654 - 01664 - Meißen
Saxony and Saxony-Anhalt,01 Region Dresden,01654 - Meißen
Saxony and Saxony-Anhalt,01 Region Dresden,01664 - Meißen (centre)
Saxony and Saxony-Anhalt,01 Region Dresden,01731 - Kreischa
Saxony and Saxony-Anhalt,01 Region Dresden,"01762 - Hartmannsdorf-Reichenau, Schmiedeberg"
Saxony and Saxony-Anhalt,01 Region Dresden,01774 - Pretzchendorf
Saxony and Saxony-Anhalt,01 Region Dresden,01809 - Dohna
Saxony and Saxony-Anhalt,01 Region Dresden,"01816 - Bad Gottleuba-Berggießhübel, Bad Gottleuba, Oelsen, Hellendorf, Markersbach"
Saxony and Saxony-Anhalt,01 Region Dresden,"01819 - Bahretal, Berggießhübel, Zwiesel, Bahra, Langenhennersdorf, Forsthaus"
Saxony and Saxony-Anhalt,01 Region Dresden,"01825 - Börnersdorf, Breitenau, Hennersbach"
Saxony and Saxony-Anhalt,01 Region Dresden,"01833 - Dürrröhrsdorf-Dittersbach, Stolpen"
Saxony and Saxony-Anhalt,01 Region Dresden,01847 - Lohmen
Saxony and Saxony-Anhalt,01 Region Dresden,01945-01987 are in Brandenburg
Saxony and Saxony-Anhalt,02 Region Bautzen,02xxx
Saxony and Saxony-Anhalt,02 Region Bautzen,02601-02626 - Bautzen
Saxony and Saxony-Anhalt,02 Region Bautzen,02627 - Ratibor
Saxony and Saxony-Anhalt,02 Region Bautzen,"02747 - Berthelsdorf, Großhennensdorf, Herrnhut, Strahlwalde"
Saxony and Saxony-Anhalt,02 Region Bautzen,02801-02829 - Görlitz
Saxony and Saxony-Anhalt,02 Region Bautzen,02894 - Reichenbach (Oberlausitz)
Saxony and Saxony-Anhalt,02 Region Bautzen,02999 - Knappensee
Saxony and Saxony-Anhalt,02 Region Bautzen,02977 - Hoyerswerda
Saxony and Saxony-Anhalt,02 Region Bautzen,02997 - Wittichenau
Saxony and Saxony-Anhalt,03 Region Cottbus,No Postal Code for this Region
Saxony and Saxony-Anhalt,03 Region Cottbus,This section is empty.  You can help by adding to it.
Saxony and Saxony-Anhalt,04 Region Leipzig,04xxx
Saxony and Saxony-Anhalt,04 Region Leipzig,04003-04357 - Leipzig
Saxony and Saxony-Anhalt,04 Region Leipzig,04003 - Leipzig
Saxony and Saxony-Anhalt,04 Region Leipzig,04109 - Leipzig (Neues Rathaus)
Saxony and Saxony-Anhalt,04 Region Leipzig,04357 - Leipzig
Saxony and Saxony-Anhalt,04 Region Leipzig,04416 - Markkleeberg
Saxony and Saxony-Anhalt,04 Region Leipzig,04509 - Delitzsch
Saxony and Saxony-Anhalt,04 Region Leipzig,04617 - 04626 is in Thuringia
Saxony and Saxony-Anhalt,04 Region Leipzig,04651 - Bad Lausick
Saxony and Saxony-Anhalt,04 Region Leipzig,04758 - Naundorf
Saxony and Saxony-Anhalt,04 Region Leipzig,04758 - Oschatz
Saxony and Saxony-Anhalt,04 Region Leipzig,04808 - Wurzen
Saxony and Saxony-Anhalt,04 Region Leipzig,04827 - Gemeinde Machern
Saxony and Saxony-Anhalt,04 Region Leipzig,04860 - Torgau
Saxony and Saxony-Anhalt,04 Region Leipzig,04931 is Brandenburg
Saxony and Saxony-Anhalt,06 Region Halle an der Saale/Dessau,"06001-06123 - Halle, Saxony-Anhalt"
Saxony and Saxony-Anhalt,06 Region Halle an der Saale/Dessau,06001 - Halle
Saxony and Saxony-Anhalt,06 Region Halle an der Saale/Dessau,06100 - Halle (market area)
Saxony and Saxony-Anhalt,06 Region Halle an der Saale/Dessau,06123 - Halle
Saxony and Saxony-Anhalt,06 Region Halle an der Saale/Dessau,06420 - Könnern
Saxony and Saxony-Anhalt,06 Region Halle an der Saale/Dessau,06449 - Aschersleben
Saxony and Saxony-Anhalt,06 Region Halle an der Saale/Dessau,"06458 - Bode-Selke-Aue expect Ditfurt, Hausneindorf, Hedersleben (Selke), Heteborn, Wedderstedt"
Saxony and Saxony-Anhalt,06 Region Halle an der Saale/Dessau,"06484 - Ditfurt (centre), Quedlinburg"
Saxony and Saxony-Anhalt,06 Region Halle an der Saale/Dessau,"06493 - Ballenstedt, Dankerode, Ditfurt, Harzgerode, Königerode, Neudorf, Radisleben, Schielo, Siptenfelde, Straßberg"
Saxony and Saxony-Anhalt,06 Region Halle an der Saale/Dessau,"06502 - Neinstedt, Thale, Westerhausen, Weddersleben"
Saxony and Saxony-Anhalt,06 Region Halle an der Saale/Dessau,"06507 - Gernrode/Harz: Bad Suderode, Friederichsbrunn, Gernrode, Rieder, Stecklenberg"
Saxony and Saxony-Anhalt,06 Region Halle an der Saale/Dessau,06557 is in Thuringia
Saxony and Saxony-Anhalt,06 Region Halle an der Saale/Dessau,06667 - Weißenfels
Saxony and Saxony-Anhalt,06 Region Halle an der Saale/Dessau,06686 - Poserna
Saxony and Saxony-Anhalt,08 Region Zwickau,08000 - omitted
Saxony and Saxony-Anhalt,08 Region Zwickau,08001 - 08066 - Zwickau
Saxony and Saxony-Anhalt,08 Region Zwickau,08001 - Zwickau
Saxony and Saxony-Anhalt,08 Region Zwickau,08056 - Zwickau (centre)
Saxony and Saxony-Anhalt,08 Region Zwickau,08066 - Zwickau
Saxony and Saxony-Anhalt,08 Region Zwickau,08209 - Auerbach (Vogtland)
Saxony and Saxony-Anhalt,08 Region Zwickau,08340 - Schwarzenburg (Erzgebirge)
Saxony and Saxony-Anhalt,08 Region Zwickau,08468 - Reichenbach (Vogtland)
Saxony and Saxony-Anhalt,09 Region Chemnitz,09xxx
Saxony and Saxony-Anhalt,09 Region Chemnitz,09111 - 09131 - Chemnitz
Saxony and Saxony-Anhalt,09 Region Chemnitz,09212 - Limbach-Oberfrohna
Saxony and Saxony-Anhalt,09 Region Chemnitz,09232 - Hartmannsdorf (Chemnitz)
Saxony and Saxony-Anhalt,09 Region Chemnitz,09380 - Thalheim
Saxony and Saxony-Anhalt,09 Region Chemnitz,09392 - Auerbach (Erzgebirge)
Saxony and Saxony-Anhalt,09 Region Chemnitz,09394 - Hohndorf
Saxony and Saxony-Anhalt,09 Region Chemnitz,09456 - Annaberg-Buchholz
Saxony and Saxony-Anhalt,09 Region Chemnitz,09509 - Pockau
Saxony and Saxony-Anhalt,09 Region Chemnitz,09623 - Frauenstein
Berlin,10115 - 14199,"10,12,13,14xxx - Berlin"
Berlin,10115 - 14199,"10115,10117,10119,10178,10179 - Berlin-Mitte"
Berlin,10115 - 14199,"10243,10245,10247,10249 - Friedrichshain"
Berlin,10115 - 14199,"10318,10319 - Lichtenberg"
Berlin,10115 - 14199,"10405,10407,10409,10435,10437,10439 - Prenzlauer Berg"
Berlin,10115 - 14199,"10585,10587,10589,10623,10625,10627,10629 - Charlottenburg"
Berlin,10115 - 14199,"10823,10825,10827,10829 - Schöneberg"
Berlin,10115 - 14199,"10961,10963,10965,10967,10969,10997,10999 - Kreuzberg"
Berlin,10115 - 14199,"12043,12045,12047,12049,12051,12053,12055,12057,12059 - Neukölln"
Berlin,10115 - 14199,"12203,12205,12207,12209 - Lichterfelde"
Berlin,10115 - 14199,"12247,12249 - Lankwitz"
Berlin,10115 - 14199,"12277,12279 - Marienfelde"
Berlin,10115 - 14199,"12305,12307,12309 - Lichtenrade"
Berlin,10115 - 14199,"12487,12489 - Adlershof"
Berlin,10115 - 14199,"12555,12557,12559 - Köpenick"
Berlin,10115 - 14199,"12679,12681,12683,12685,12687,12689 - Marzahn since 1979"
Berlin,10115 - 14199,"13086,13088,13089 - Weißensee"
Berlin,10115 - 14199,"13187,13189 - Pankow"
Berlin,10115 - 14199,"13347,13349,13351,13353,13355,13357,13359 - Wedding (Berlin)"
Berlin,10115 - 14199,"13403,13405,13407,13409 - Reinickendorf"
Berlin,10115 - 14199,"13435,13437,13439 - Wittenau"
Berlin,10115 - 14199,14109 - Wannsee
Berlin,10115 - 14199,"14163,14165,14167,14169 - Zehlendorf"
Brandenburg,01000-01999,01945 - Ruhland
Brandenburg,01000-01999,01968 - Senftenberg
Brandenburg,01000-01999,01983 - Großräschen
Brandenburg,01000-01999,01987 - Schwarzheide
Brandenburg,01000-01999,01990 - Ortrand
Brandenburg,04000-04999,The rest under 04931 are outside Brandenburg
Brandenburg,04000-04999,04931 - Mühlberg (Elbe)
Brandenburg,15000-19999,15201-15236 - Frankfurt (Oder)
Brandenburg,15000-19999,15201 - Frankfurt (Oder)
Brandenburg,15000-19999,15230 - Frankfurt (Oder) (centre)
Brandenburg,15000-19999,15236 - Frankfurt (Oder)
Brandenburg,15000-19999,15518 - Briesen (Mark)
Brandenburg,15000-19999,15732 - Schönefeld (Berlin)
Brandenburg,15000-19999,15926 - Heideblick
Brandenburg,15000-19999,19348 - Perleberg
Brandenburg,15000-19999,19348 - Reetz
Mecklenburg-Western Pomerania,17000-17999,17166 - Teterow
Mecklenburg-Western Pomerania,17000-17999,17235 - Möllenbeck (Mecklenburg-Strelitz)
Mecklenburg-Western Pomerania,17000-17999,17236 - omitted
Mecklenburg-Western Pomerania,17000-17999,17237 - Möllenbeck
Mecklenburg-Western Pomerania,17000-17999,17489 - Greifswald
Mecklenburg-Western Pomerania,18000-18999,18055-18109 - Rostock
Mecklenburg-Western Pomerania,18000-18999,18209 - Bad Doberan
Mecklenburg-Western Pomerania,18000-18999,18210 - not used
Mecklenburg-Western Pomerania,18000-18999,18211 - Nienhagen (Mecklenburg)
Mecklenburg-Western Pomerania,18000-18999,18666 - Warnemünde
Mecklenburg-Western Pomerania,19000-19999,19300 - Möllenbeck (Ludwigslust)
Hamburg,20000-20999,20001-20999 - Hamburg
Hamburg,20000-20999,20253 - Hamburg
Hamburg,21000-21999,21001-21149 - Hamburg
Hamburg,21000-21999,21107 Elbinsel Wilhelmsburg
Hamburg,21000-21999,21109 Kirchdorf
Hamburg,21000-21999,Codes 21450-21499 are in Schleswig Holstein
Hamburg,22000-22999,22001-22757 - Hamburg
Schleswig-Holstein,21000-21999,21451 - 21465 - Reinbek
Schleswig-Holstein,21000-21999,21451 - Reinbek
Schleswig-Holstein,21000-21999,21465 - Reinbek (centre)
Schleswig-Holstein,23000-23999,23501-23570 - Lübeck
Schleswig-Holstein,23000-23999,24301-24306 - Plön
Schleswig-Holstein,23000-23999,23406 - Plön (centre)
Schleswig-Holstein,24000-24999,24103-24159 - Kiel
Schleswig-Holstein,24000-24999,24161 - Altenholz
Schleswig-Holstein,24000-24999,24214 - Gettorf
Schleswig-Holstein,24000-24999,24340 - Eckernförde
Schleswig-Holstein,24000-24999,24534-24539 - Neumünster
Schleswig-Holstein,24000-24999,24558 - Henstedt-Ulzburg
Schleswig-Holstein,24000-24999,24568 - Kaltenkirchen
Schleswig-Holstein,24000-24999,24576 - Bad Bramstedt
Schleswig-Holstein,24000-24999,24589 - Nortorf
Schleswig-Holstein,24000-24999,24594 - Hohenwestedt
Schleswig-Holstein,24000-24999,24598 - Boostedt
Schleswig-Holstein,24000-24999,24610 - Trappenkamp
Schleswig-Holstein,24000-24999,24768 - Rendsburg
Schleswig-Holstein,24000-24999,24782 - Büdelsdorf
Schleswig-Holstein,24000-24999,24901 – 24944 - Flensburg
Schleswig-Holstein,25000-25999,"25436 - Uetersen, Tornesch, Moorrege, Heidgraben, Groß Nordende, Neuendeich"
Schleswig-Holstein,25000-25999,25709 - Marne
Schleswig-Holstein,25000-25999,25801 - 25813 - Husum
Schleswig-Holstein,25000-25999,25801 - Husum
Schleswig-Holstein,25000-25999,"25813 - Husum, centre"
Schleswig-Holstein,25000-25999,25876 - Schwabstedt
Bremen,28000-28999,28078-28199 (possibly higher) - Bremen
Lower Saxony,21000-21999,21244 - Buchholz in der Nordheide
Lower Saxony,21000-21999,21680-21682 - Stade
Lower Saxony,21000-21999,"21729 - Freiburg/Elbe, in the Balje area"
Lower Saxony,21000-21999,21730 - Balje
Lower Saxony,26000-26999,26160 - Bad Zwischenahn
Lower Saxony,26000-26999,26351-26389 - Wilhelmshaven
Lower Saxony,26000-26999,26603 - Aurich
Lower Saxony,26000-26999,26689 - Apen
Lower Saxony,26000-26999,26789 - Leer
Lower Saxony,26000-26999,26802 - Moormerland
Lower Saxony,26000-26999,26817 - Rhauderfehn
Lower Saxony,26000-26999,26835 - Hesel
Lower Saxony,26000-26999,26844 - Jemgum
Lower Saxony,26000-26999,26931 - Elsfleth
Lower Saxony,29000-29999,29439 - Lüchow
Lower Saxony,30000-30999,30001-30659 - Hannover
Lower Saxony,31000-31999,31008 - Elze
Lower Saxony,31000-31999,31061 - Alfeld
Lower Saxony,31000-31999,31101-31141 - Hildesheim
Lower Saxony,31000-31999,31001 - Hildesheim
Lower Saxony,31000-31999,31134 - Hildesheim (centre)
Lower Saxony,31000-31999,31141 - Hildesheim
Lower Saxony,31000-31999,31627 - Rohrsen
Lower Saxony,31000-31999,31737 - Rinteln
Lower Saxony,31000-31999,31785 - 31789 - Hamelin
Lower Saxony,31000-31999,31785 - Hameln (centre)
Lower Saxony,31000-31999,31789 - Hameln
Lower Saxony,37000-37999,37073 - Göttingen
Lower Saxony,37000-37999,Some codes in this range are in Thuringia.
Lower Saxony,38000-38999,38154-38547 - Wolfsburg
Lower Saxony,38000-38999,38154 Königslutter
Lower Saxony,38000-38999,38165 Wolfsburg
Lower Saxony,38000-38999,38440 Wolfsburg (Center)
Lower Saxony,38000-38999,38442 Wolfsburg
Lower Saxony,38000-38999,38444 Wolfsburg (Center)
Lower Saxony,38000-38999,38446 Wolfsburg (Center)
Lower Saxony,38000-38999,38448 Wolfsburg (Center)
Lower Saxony,38000-38999,38458 Wolfsburg
Lower Saxony,38000-38999,38479 Wolfsburg
Lower Saxony,38000-38999,38518 Gifhorn
Lower Saxony,38000-38999,38547 Wolfsburg
Lower Saxony,38000-38999,38296 - Wolfenbüttel
Lower Saxony,38000-38999,38678 - Clausthal-Zellerfeld
Lower Saxony,38000-38999,38486 Kusey --> Sachsen-Anhalt
Lower Saxony,39000-39969,39638 - Gardelegen
Lower Saxony,39000-39969,The rest are in Saxony
Lower Saxony,49000-49999,49074-49090 - Osnabrück
Lower Saxony,49000-49999,49124 - Georgsmarienhütte
Lower Saxony,49000-49999,49170 - Hagen am Teutoburger Wald
Lower Saxony,49000-49999,49176 - Hilter am Teutoburger Wald
Lower Saxony,49000-49999,49186 - Bad Iburg
Lower Saxony,49000-49999,49196 - Bad Laer
Lower Saxony,49000-49999,49201 - Dissen am Teutoburger Wald
Lower Saxony,49000-49999,49214 - Bad Rothenfelde
Lower Saxony,49000-49999,49219 - Glandorf
Lower Saxony,49000-49999,"49477, 49479 - Ibbenbüren (Nordrhein-Westfalen)"
Thuringia,04000-04999,04617 - Naundorf
Thuringia,04000-04999,"04626 - Dobitschen, Drogen, Lumpzit, Mehna"
Thuringia,06000-06999,06577 - Etzleben
Thuringia,07000-07999,07586 - Hartmannsdorf (Gera)
Thuringia,07000-07999,"07613 - Crossen (Elster), Hartmannsdorf (Eisenberg)"
Thuringia,07000-07999,"07629 - Reichenbach, Thuringia"
Thuringia,07000-07999,07646 - Waltersdorf (Thuringia)
Thuringia,07000-07999,07701-07751 - Jena
Thuringia,37000-37999,37301 - Heilbad Heiligenstadt
Thuringia,37000-37999,"37308 - Bernterode (bei Heilbad Heiligenstadt), Bodenrode-Westhausen, Geisleden, Geismar, Glasehausen, Heilbad Heiligenstadt, Heuthen, Krombach (Eichsfeld), Pfaffschwende, Reinholterode, Schimberg, Sickerode, Steinbach (Eichsfeld)Volkerode, Wiesenfeld (Eichsfeld)"
Thuringia,37000-37999,"37318 - Arenshausen, Asbach-Sickenberg, Birkenfelde, Bornhagen, Burgwalde, Dieterode, Dietzenrode-Vatterode, Eichstruth, Freienhagen (Eichsfeld), Fretterode, Gerbershausen, Hohengandern, Kella, Kirchgandern, Lenterode, Lindewerra, Lutter (Eichsfeld), Mackenrode (Eichsfeld), Marth, Rohrberg (Eichsfeld), Röhrig, Rustenfelde, Schachtebich, Schönhagen (Eichsfeld), Schwobfeld, Steinheuterode, Thalwenden, Uder, Wahlhausen, Wüstheuterode"
Thuringia,37000-37999,37321 - Leinefelde-Worbis (Leinefelde)
Thuringia,37000-37999,"37327 - Hausen (Eichsfeld), Kallmerode, Leinefelde-Worbis, (Breitenbach), Wingerode"
Thuringia,37000-37999,"37339 - Berlingerode, Brehme, Breitenworbis, Buhla, Ecklingerode, Ferna, Gernrode bei Leinefelde, Haynrode, Hundeshagen, Kirchworbis, Leinefelde-Worbis, (Wintzingerode, Worbis), Tastungen, Teistungen,"
Thuringia,37000-37999,"37345 - Bischofferode, Bockelnhagen, Großbodungen, Holungen, Jützenbach, Neustadt (Eichsfeld), Silkerode, Steinrode, Weißenborn-Lüderode, Zwinge"
Thuringia,37000-37999,"37351 - Dingelstädt, Helmsdorf, Kefferhausen, Kreuzebra, Silberhausen"
Thuringia,37000-37999,"37355 - Bernterode (bei Worbis), Deuna, Gerterode, Kleinbartloff, Niederorschel, Vollenborn"
Thuringia,37000-37999,"37359 - Verwaltungsgemeinschaft Westerwald-Obereichsfeld: Büttstedt, Effelder, Großbartloff, Küllstedt, Wachstedt"
Thuringia,98000-98999,98599 - Brotterode
Thuringia,99000-99999,99301-99310 - Arnstadt
Thuringia,99000-99999,99301 - Arnstadt
Thuringia,99000-99999,99310 - Arnstadt (center)
Thuringia,99000-99999,99421-99427 - Weimar
Thuringia,99000-99999,99421 - Weimar (centre)
Thuringia,99000-99999,99423 - Weimar
Thuringia,99000-99999,99427 - Weimar
Thuringia,99000-99999,"99411 - Verwaltungsgemeinschaft Ilmtal-Weinstraße, Kromsdorf"
Thuringia,99000-99999,99801 - 99817 - Eisenach
Thuringia,99000-99999,99801 - Eisenach
Thuringia,99000-99999,99817 - Eisenach (centre)
Thuringia,99000-99999,99869 - Mühlberg
North Rhine-Westphalia,32000-32999,32469 - Petershagen
North Rhine-Westphalia,32000-32999,32257 - Bünde
North Rhine-Westphalia,32000-32999,32584 - Löhne
North Rhine-Westphalia,32000-32999,32657 - Lemgo
North Rhine-Westphalia,32000-32999,32756 - Detmold
North Rhine-Westphalia,32000-32999,32758 - Detmold
North Rhine-Westphalia,32000-32999,32760 - Detmold
North Rhine-Westphalia,33000-33999,33775 - Versmold
North Rhine-Westphalia,33000-33999,33415 - Verl
North Rhine-Westphalia,40000-40999,40547 - Düsseldorf
North Rhine-Westphalia,40000-40999,"40667-40668, 40670 - Meerbusch"
North Rhine-Westphalia,40000-40999,40699 - Erkrath
North Rhine-Westphalia,40000-40999,40721 - Hilden
North Rhine-Westphalia,40000-40999,40722 - omitted
North Rhine-Westphalia,40000-40999,40723 - Hilden
North Rhine-Westphalia,40000-40999,40724 - Hilden
North Rhine-Westphalia,40000-40999,40769 - Langenfeld
North Rhine-Westphalia,40000-40999,40789 - Monheim am Rhein
North Rhine-Westphalia,40000-40999,40822 - Mettmann
North Rhine-Westphalia,40000-40999,40878 - Ratingen
North Rhine-Westphalia,40000-40999,40879 - omitted
North Rhine-Westphalia,40000-40999,40880 - Ratingen
North Rhine-Westphalia,40000-40999,40881 - omitted
North Rhine-Westphalia,40000-40999,40882 - Ratingen
North Rhine-Westphalia,40000-40999,40883 - Ratingen
North Rhine-Westphalia,40000-40999,40884 - omitted
North Rhine-Westphalia,40000-40999,40885 - Ratingen
North Rhine-Westphalia,41000-41999,41334 - Nettetal
North Rhine-Westphalia,41000-41999,41460-41492 - Neuss
North Rhine-Westphalia,41000-41999,41460 - Neuss (downtown)
North Rhine-Westphalia,41000-41999,41492 - Neuss
North Rhine-Westphalia,41000-41999,41751 - Viersen (Dülken)
North Rhine-Westphalia,41000-41999,41844 - Wegberg
North Rhine-Westphalia,42000-42999,42096 - Wuppertal-Bayer AG
North Rhine-Westphalia,42000-42999,42097 - Wuppertal-Bergische Universität
North Rhine-Westphalia,42000-42999,42103 - Wuppertal
North Rhine-Westphalia,42000-42999,42105 - Wuppertal
North Rhine-Westphalia,42000-42999,42107 - Wuppertal
North Rhine-Westphalia,42000-42999,42119 - Wuppertal
North Rhine-Westphalia,42000-42999,42329 - Wuppertal-Langerfeld
North Rhine-Westphalia,42000-42999,42349 - Wuppertal-Cronenberg
North Rhine-Westphalia,42000-42999,42369 - Wuppertal-Ronsdorf
North Rhine-Westphalia,42000-42999,42477 - Radevormwald
North Rhine-Westphalia,42000-42999,42489 - Wülfrath
North Rhine-Westphalia,42000-42999,42499 - Hückeswagen
North Rhine-Westphalia,42000-42999,42512-42555 Velbert
North Rhine-Westphalia,42000-42999,42579 - Heiligenhaus
North Rhine-Westphalia,42000-42999,42601-42719 Solingen
North Rhine-Westphalia,42000-42999,42781 - Haan
North Rhine-Westphalia,42000-42999,42799 - Leichlingen
North Rhine-Westphalia,42000-42999,42801-42899 Remscheid
North Rhine-Westphalia,42000-42999,42929 - Wermelskirchen
North Rhine-Westphalia,44000-44999,44000 - 44399 Dortmund
North Rhine-Westphalia,44000-44999,44532 - 44536 Lünen
North Rhine-Westphalia,44000-44999,44575 - 44581 Castrop-Rauxel
North Rhine-Westphalia,44000-44999,44623 - 44653 Herne
North Rhine-Westphalia,44000-44999,44787 - 44894 Bochum
North Rhine-Westphalia,45000-45999,45000 - 45399 Essen
North Rhine-Westphalia,45000-45999,45468 - 45481 Mülheim an der Ruhr
North Rhine-Westphalia,45000-45999,45500-45529 - Hattingen
North Rhine-Westphalia,45000-45999,45500 - Hattingen
North Rhine-Westphalia,45000-45999,45504 - Hattingen (centre)
North Rhine-Westphalia,45000-45999,45529 - Hattingen
North Rhine-Westphalia,45000-45999,45549 - Sprockhövel
North Rhine-Westphalia,46000-46999,46519 - Alpen
North Rhine-Westphalia,46000-46999,46562 - Voerde
North Rhine-Westphalia,46000-46999,46282 - Dorsten
North Rhine-Westphalia,47000-47999,47701 - 47839 - Krefeld and surroundings
North Rhine-Westphalia,47000-47999,47701 - Krefeld
North Rhine-Westphalia,47000-47999,47798 - Krefeld (centre)
North Rhine-Westphalia,47000-47999,47799 - Krefeld
North Rhine-Westphalia,47000-47999,"47800 - Krefeld, Bockum area"
North Rhine-Westphalia,47000-47999,"47829 - Krefeld, Uerdingen area"
North Rhine-Westphalia,47000-47999,47839 - Krefeld
North Rhine-Westphalia,47000-47999,47918 - Tönisvorst
North Rhine-Westphalia,48000-48999,48143-48167 Münster
North Rhine-Westphalia,48000-48999,48249 - Dülmen and the district of Hiddingsel
North Rhine-Westphalia,48000-48999,48291 - Telgte
North Rhine-Westphalia,48000-48999,48351 - Everswinkel
North Rhine-Westphalia,48000-48999,48727 - Billerbeck
North Rhine-Westphalia,48000-48999,48477 - Hörstel
North Rhine-Westphalia,48000-48999,49477-49479 - Ibbenbüren
North Rhine-Westphalia,50000-50999,50226 - Frechen
North Rhine-Westphalia,50000-50999,50494 - Sorst
North Rhine-Westphalia,50000-50999,"50600-50999 Köln (west, main part)"
North Rhine-Westphalia,51000-51999,51060-51149 - Köln (east; main part in 50000 series)
North Rhine-Westphalia,51000-51999,51399 - Burscheid
North Rhine-Westphalia,51000-51999,51588 - Nümbrecht
North Rhine-Westphalia,51000-51999,51643 - Gummersbach
North Rhine-Westphalia,51000-51999,51644 - not used
North Rhine-Westphalia,51000-51999,51655 - Gummersbach
North Rhine-Westphalia,51000-51999,51666 - not used
North Rhine-Westphalia,51000-51999,51677 - Gummersbach
North Rhine-Westphalia,51000-51999,51702 - Bergneustadt
North Rhine-Westphalia,51000-51999,51709 - Marienheide
North Rhine-Westphalia,52000-52999,52000 - 52080 Aachen
North Rhine-Westphalia,52000-52999,52134 - Herzogenrath
North Rhine-Westphalia,52000-52999,52156 - Monschau
North Rhine-Westphalia,52000-52999,52231 - 52249 Eschweiler
North Rhine-Westphalia,52000-52999,52428 - Jülich
North Rhine-Westphalia,53000-53999,53111 - Bonn
North Rhine-Westphalia,53000-53999,53721 - Siegburg
North Rhine-Westphalia,53000-53999,53809 - Ruppichteroth
North Rhine-Westphalia,55000-55999,55548 - Lippstadt
North Rhine-Westphalia,57000-57999,57001-57080 - Siegen
North Rhine-Westphalia,57000-57999,57001 - Siegen
North Rhine-Westphalia,57000-57999,57072 - Siegen (market area)
North Rhine-Westphalia,57000-57999,57080 - Siegen
North Rhine-Westphalia,58000-58999,58000 - 58139 Hagen
North Rhine-Westphalia,58000-58999,58239 - Schwerte
North Rhine-Westphalia,58000-58999,58256 - Ennepetal
North Rhine-Westphalia,58000-58999,58285 - Gevelsberg
North Rhine-Westphalia,58000-58999,58300 - Wetter (Ruhr)
North Rhine-Westphalia,58000-58999,58313 - Herdecke
North Rhine-Westphalia,58000-58999,58401 - 58456 Witten
North Rhine-Westphalia,58000-58999,58507 - 58515 Lüdenscheid
North Rhine-Westphalia,59000-59999,59174 - Kamen
North Rhine-Westphalia,59000-59999,59192 - Bergkamen
North Rhine-Westphalia,59000-59999,59439 - Holzwickede
North Rhine-Westphalia,59000-59999,59494 - Soest
Rhineland-Palatinate,53000-53999,53520 - Herresbach
Rhineland-Palatinate,53000-53999,53809 is in the Rheinland-Pfalz
Rhineland-Palatinate,54000-54999,54290-54296 - Trier
Rhineland-Palatinate,54000-54999,54306 - Kordel
Rhineland-Palatinate,54000-54999,54441 - Trassem and vicinity
Rhineland-Palatinate,54000-54999,54470 - Bernkastel-Kues
Rhineland-Palatinate,54000-54999,54479 - Horath
Rhineland-Palatinate,54000-54999,54634 - Bitburg
Rhineland-Palatinate,54000-54999,54529 - Spangdahlem
Rhineland-Palatinate,55000-55999,55001-55131 - Mainz
Rhineland-Palatinate,55000-55999,55001: Mainz
Rhineland-Palatinate,55000-55999,"55116 - Mainz, (downtown)"
Rhineland-Palatinate,55000-55999,55131 - Mainz
Rhineland-Palatinate,55000-55999,55218 - Ingelheim am Rhein
Rhineland-Palatinate,55000-55999,55411 Bingen am Rhein
Rhineland-Palatinate,55000-55999,55411: Bingen (Stadt)
Rhineland-Palatinate,55000-55999,55517-55545 - Bad Kreuznach
Rhineland-Palatinate,55000-55999,55517: Bad Kreuznach
Rhineland-Palatinate,55000-55999,55545: Bad Kreuznach (downtown)
Rhineland-Palatinate,55000-55999,55548 is in North Rhine-Westphalia
Rhineland-Palatinate,55000-55999,55566 - Daubach
Rhineland-Palatinate,55000-55999,55569 - Auen
Rhineland-Palatinate,55000-55999,55595 - Sponheim
Rhineland-Palatinate,55000-55999,55743 - Reichanbach (Baumholder)
Rhineland-Palatinate,55000-55999,55758 - Weiden bei Idar-Oberstein
Rhineland-Palatinate,56000-56999,56291 - Bickenbach (Hunsrück)
Rhineland-Palatinate,56000-56999,56346 - Reichenberg (Rhineland-Palatinate)
Rhineland-Palatinate,56000-56999,56368 - Katzenelnbogen
Rhineland-Palatinate,56000-56999,"56370 - Biebrich, Rhineland Palatinate"
Rhineland-Palatinate,56000-56999,56459 - Rothenbach
Rhineland-Palatinate,56000-56999,56472 - Hardt (Westerwald)
Rhineland-Palatinate,56000-56999,56626 - Andernach
Rhineland-Palatinate,56000-56999,56841 - Traben-Trarbach
Rhineland-Palatinate,56000-56999,56851 - Zell (Mosel)
Rhineland-Palatinate,57000-57999,57612 - Kirchheib
Rhineland-Palatinate,65000-65999,65624 - Altendiez
Rhineland-Palatinate,66000-66999,66849 - Landstuhl
Rhineland-Palatinate,66000-66999,66879 - Reichenbach-Steegen
Rhineland-Palatinate,66000-66999,66894 - Martinshöhe
Rhineland-Palatinate,66000-66999,The rest are in Saarland
Hesse,35000-35999,35037 - Marburg (city centre)
Hesse,35000-35999,35038 - omitted
Hesse,35000-35999,35039 - Marburg
Hesse,35000-35999,35040 - omitted
Hesse,35000-35999,35041 - Marburg
Hesse,35000-35999,35042 - omitted
Hesse,35000-35999,35043 - Marburg
Hesse,35000-35999,35260 - Stadtallendorf
Hesse,35000-35999,35274 - Kirchhain
Hesse,35000-35999,35287 - Amöneburg
Hesse,35000-35999,35510 - Butzbach
Hesse,35000-35999,35633 - Lahnau
Hesse,36000-36999,36396 - Steinau an der Straße
Hesse,60000-60999,60000 - 60624 (maybe higher) Frankfurt am Main
Hesse,61000-61999,61348-61352 Bad Homburg v.d.H.
Hesse,61000-61999,61476 - Kronberg im Taunus
Hesse,63000-63999,63015-63075 - Offenbach
Hesse,63000-63999,63015: Offenbach (centre)
Hesse,63000-63999,63075 - Offenbach
Hesse,63000-63999,63303 - Dreieich
Hesse,63000-63999,63450 - Hanau
Hesse,63000-63999,63451 - not used
Hesse,63000-63999,63452 - Hanau
Hesse,63000-63999,63453 - not used
Hesse,63000-63999,63454 - Hanau
Hesse,63000-63999,63455 - not used
Hesse,63000-63999,63456 - Hanau
Hesse,63000-63999,63457 - Hanau
Hesse,63000-63999,63571 - Gelnhausen
Hesse,63000-63999,63575 - Freigericht (PO boxes)
Hesse,63000-63999,63576 - Freigericht (PO boxes)
Hesse,63000-63999,63579 - Freigericht (mail)
Hesse,64000-64999,64283 - 64297 Darmstadt
Hesse,64000-64999,64404 - Bickenbach (Bergstraße)
Hesse,64000-64999,64319 - Pfungstadt
Hesse,64000-64999,64347 - Griesheim
Hesse,64000-64999,64560 - Riedstadt
Hesse,65000-65999,65183-65207 - Wiesbaden
Hesse,65000-65999,65183 - Wiesbaden
Hesse,65000-65999,65207 - Wiesbaden
Hesse,65000-65999,65624 is in Rhineland-Palatinate
Hesse,65000-65999,65835 - Liederbach
Hesse,65000-65999,65843 - Sulzbach
Hesse,65000-65999,67346 - Speyer Rhineland-Palatinate
Saarland,66000-66999,66xxx
Saarland,66000-66999,66150 AOL
Saarland,66000-66999,66117 - Saarbrücken Centre
Saarland,66000-66999,66124 - Universität des Saarlandes
Saarland,66000-66999,66666: Großkunde
Saarland,66000-66999,66879 is in Rheinlqnd-Pfalz
Saarland,66000-66999,66894 Martinshöhe
Saarland,66000-66999,66976 Rodalben in Rhineland-Pfalz
Baden-Württemberg,69000-69999,69115 - Heidelberg
Baden-Württemberg,69000-69999,69117 - Heidelberg
Baden-Württemberg,69000-69999,69118 - Heidelberg
Baden-Württemberg,69000-69999,69120 - Heidelberg
Baden-Württemberg,69000-69999,69121 - Heidelberg
Baden-Württemberg,69000-69999,69123 - Heidelberg
Baden-Württemberg,69000-69999,69124 - Heidelberg
Baden-Württemberg,69000-69999,69126 - Heidelberg
Baden-Württemberg,69000-69999,69151 - Neckargemuend
Baden-Württemberg,69000-69999,69168 - Wiesloch
Baden-Württemberg,69000-69999,69181 - Leimen
Baden-Württemberg,69000-69999,69190 - Walldorf
Baden-Württemberg,69000-69999,69198 - Schriesheim
Baden-Württemberg,69000-69999,69207 - Sandhausen
Baden-Württemberg,69000-69999,69214 - Eppelheim
Baden-Württemberg,69000-69999,69221 - Dossenheim
Baden-Württemberg,69000-69999,69226 - Nussloch
Baden-Württemberg,69000-69999,69231 - Rauenberg
Baden-Württemberg,69000-69999,69234 - Dielheim
Baden-Württemberg,69000-69999,69239 - Neckarsteinach
Baden-Württemberg,69000-69999,69242 - Muehlhausen
Baden-Württemberg,69000-69999,69245 - Bammental
Baden-Württemberg,69000-69999,69250 - Schoenau
Baden-Württemberg,69000-69999,69251 - Gaiberg
Baden-Württemberg,69000-69999,69253 - Heiligkreuzsteinach
Baden-Württemberg,69000-69999,69254 - Malsch
Baden-Württemberg,69000-69999,69256 - Mauer
Baden-Württemberg,69000-69999,69257 - Wiesenbach
Baden-Württemberg,69000-69999,69259 - Wilhelmsfeld
Baden-Württemberg,69000-69999,69412 - Eberbach
Baden-Württemberg,69000-69999,69412 - Igelsbach
Baden-Württemberg,69000-69999,69427 - Mudau
Baden-Württemberg,69000-69999,69429 - Unterdielbach
Baden-Württemberg,69000-69999,69429 - Waldbrunn
Baden-Württemberg,69000-69999,69434 - Brombach
Baden-Württemberg,69000-69999,69434 - Heddesbach
Baden-Württemberg,69000-69999,69434 - Hirschhorn
Baden-Württemberg,69000-69999,69436 - Schoenbrunn
Baden-Württemberg,69000-69999,69437 - Neckargerach
Baden-Württemberg,69000-69999,69439 - Zwingenberg
Baden-Württemberg,69000-69999,69469 - Weinheim
Baden-Württemberg,69000-69999,69483 - Wald-Michelbach
Baden-Württemberg,69000-69999,69488 - Birkenau
Baden-Württemberg,69000-69999,69493 - Hirschberg
Baden-Württemberg,69000-69999,69502 - Hemsbach
Baden-Württemberg,69000-69999,69509 - Moerlenbach
Baden-Württemberg,69000-69999,69514 - Laudenbach
Baden-Württemberg,69000-69999,69517 - Gorxheimertal
Baden-Württemberg,69000-69999,69518 - Abtsteinach
Baden-Württemberg,70000-70999,70173 - Stuttgart
Baden-Württemberg,70000-70999,70174 - Stuttgart
Baden-Württemberg,70000-70999,70176 - Stuttgart
Baden-Württemberg,70000-70999,70178 - Stuttgart
Baden-Württemberg,70000-70999,70180 - Stuttgart
Baden-Württemberg,70000-70999,70182 - Stuttgart
Baden-Württemberg,70000-70999,70184 - Stuttgart
Baden-Württemberg,70000-70999,70186 - Stuttgart
Baden-Württemberg,70000-70999,70188 - Stuttgart
Baden-Württemberg,70000-70999,70190 - Stuttgart
Baden-Württemberg,70000-70999,70191 - Stuttgart
Baden-Württemberg,70000-70999,70192 - Stuttgart
Baden-Württemberg,70000-70999,70193 - Stuttgart
Baden-Württemberg,70000-70999,70195 - Stuttgart
Baden-Württemberg,70000-70999,70197 - Stuttgart
Baden-Württemberg,70000-70999,70199 - Stuttgart
Baden-Württemberg,70000-70999,70327 - Stuttgart
Baden-Württemberg,70000-70999,70329 - Stuttgart
Baden-Württemberg,70000-70999,70372 - Stuttgart
Baden-Württemberg,70000-70999,70374 - Stuttgart
Baden-Württemberg,70000-70999,70376 - Stuttgart
Baden-Württemberg,70000-70999,70378 - Sonnenhof
Baden-Württemberg,70000-70999,70378 - Stuttgart
Baden-Württemberg,70000-70999,70435 - Stuttgart
Baden-Württemberg,70000-70999,70437 - Stuttgart
Baden-Württemberg,70000-70999,70439 - Stuttgart
Baden-Württemberg,70000-70999,70469 - Stuttgart
Baden-Württemberg,70000-70999,70499 - Stuttgart
Baden-Württemberg,70000-70999,70563 - Stuttgart
Baden-Württemberg,70000-70999,70565 - Stuttgart
Baden-Württemberg,70000-70999,70567 - Stuttgart
Baden-Württemberg,70000-70999,70569 - Stuttgart
Baden-Württemberg,70000-70999,70597 - Stuttgart
Baden-Württemberg,70000-70999,70599 - Stuttgart
Baden-Württemberg,70000-70999,70619 - Stuttgart
Baden-Württemberg,70000-70999,70629 - Stuttgart
Baden-Württemberg,70000-70999,70734 - Fellbach
Baden-Württemberg,70000-70999,70736 - Fellbach
Baden-Württemberg,70000-70999,70771 - Leinfelden-Echterdingen
Baden-Württemberg,70000-70999,70794 - Filderstadt
Baden-Württemberg,70000-70999,70806 - Kornwestheim
Baden-Württemberg,70000-70999,70825 - Korntal-Muenchingen
Baden-Württemberg,70000-70999,70839 - Gerlingen
Baden-Württemberg,71000-71999,71032 - Böblingen
Baden-Württemberg,71000-71999,71034 - Böblingen
Baden-Württemberg,71000-71999,71063 - Sindelfingen
Baden-Württemberg,71000-71999,71065 - Sindelfingen
Baden-Württemberg,71000-71999,71067 - Sindelfingen
Baden-Württemberg,71000-71999,71069 - Sindelfingen
Baden-Württemberg,71000-71999,71083 - Herrenberg
Baden-Württemberg,71000-71999,71088 - Holzgerlingen
Baden-Württemberg,71000-71999,71093 - Weil im Schönbuch
Baden-Württemberg,71000-71999,71101 - Schönaich
Baden-Württemberg,71000-71999,71106 - Magstadt
Baden-Württemberg,71000-71999,71111 - Burkhardtsmühle
Baden-Württemberg,71000-71999,71111 - Obere Kleinmichelesmühle
Baden-Württemberg,71000-71999,71111 - Obere Rauhmühle
Baden-Württemberg,71000-71999,71111 - Untere Kleinmichelesmühle
Baden-Württemberg,71000-71999,71111 - Untere Rauhmühle
Baden-Württemberg,71000-71999,71111 - Waldenbuch
Baden-Württemberg,71000-71999,71116 - Gärtringen
Baden-Württemberg,71000-71999,71120 - Grafenau
Baden-Württemberg,71000-71999,71126 - Gäufelden
Baden-Württemberg,71000-71999,71131 - Jettingen
Baden-Württemberg,71000-71999,71134 - Aidlingen
Baden-Württemberg,71000-71999,71139 - Ehningen
Baden-Württemberg,71000-71999,71144 - Schlechtenmühle
Baden-Württemberg,71000-71999,71144 - Schlösslesmühle
Baden-Württemberg,71000-71999,71144 - Steinenbronn
Baden-Württemberg,71000-71999,71144 - Walzenmühle
Baden-Württemberg,71000-71999,71149 - Bondorf
Baden-Württemberg,71000-71999,71154 - Nufringen
Baden-Württemberg,71000-71999,71155 - Altdorf
Baden-Württemberg,71000-71999,71157 - Hildrizhausen
Baden-Württemberg,71000-71999,71159 - Mötzingen
Baden-Württemberg,71000-71999,71229 - Leonberg
Baden-Württemberg,71000-71999,71254 - Ditzingen
Baden-Württemberg,71000-71999,71263 - Weil der Stadt
Baden-Württemberg,71000-71999,71272 - Grundhof
Baden-Württemberg,71000-71999,71272 - Renningen
Baden-Württemberg,71000-71999,71277 - Rutesheim
Baden-Württemberg,71000-71999,71282 - Hemmingen
Baden-Württemberg,71000-71999,71287 - Weissach
Baden-Württemberg,71000-71999,71292 - Friolzheim
Baden-Württemberg,71000-71999,71296 - Heimsheim
Baden-Württemberg,71000-71999,71297 - Mönsheim
Baden-Württemberg,71000-71999,71299 - Wimsheim
Baden-Württemberg,71000-71999,71332 - Waiblingen
Baden-Württemberg,71000-71999,71334 - Waiblingen
Baden-Württemberg,71000-71999,71336 - Waiblingen
Baden-Württemberg,71000-71999,71364 - Birkachhof
Baden-Württemberg,71000-71999,71364 - Steinächle
Baden-Württemberg,71000-71999,71364 - Winnenden
Baden-Württemberg,71000-71999,71384 - Weinstadt
Baden-Württemberg,71000-71999,71394 - Kernen
Baden-Württemberg,71000-71999,71397 - Leutenbach
Baden-Württemberg,71000-71999,71404 - Korb
Baden-Württemberg,71000-71999,71409 - Schwaikheim
Baden-Württemberg,71000-71999,71522 - Backnang
Baden-Württemberg,71000-71999,71540 - Glattenzainbach
Baden-Württemberg,71000-71999,71540 - Hornberger Reute
Baden-Württemberg,71000-71999,71540 - Murrhardt
Baden-Württemberg,71000-71999,"71543 - Stocksberg, Gem Beilstein"
Baden-Württemberg,71000-71999,71543 - Wüstenrot
Baden-Württemberg,71000-71999,71546 - Aspach
Baden-Württemberg,71000-71999,71549 - Auenwald
Baden-Württemberg,71000-71999,71549 - Glaitenhof
Baden-Württemberg,71000-71999,71554 - Weissach
Baden-Württemberg,71000-71999,71560 - Bernhalden
Baden-Württemberg,71000-71999,71560 - Mittelfischbach
Baden-Württemberg,71000-71999,71560 - Sulzbach
Baden-Württemberg,71000-71999,71560 - Unterfischbach
Baden-Württemberg,71000-71999,71563 - Affalterbach
Baden-Württemberg,71000-71999,71563 - Siegelhausen
Baden-Württemberg,71000-71999,71566 - Althütte
Baden-Württemberg,71000-71999,71570 - Katharinenhof
Baden-Württemberg,71000-71999,71570 - Oppenweiler
Baden-Württemberg,71000-71999,71573 - Allmersbach
Baden-Württemberg,71000-71999,71576 - Burgstetten
Baden-Württemberg,71000-71999,71577 - Großerlach
Baden-Württemberg,71000-71999,71577 - Hals
Baden-Württemberg,71000-71999,71579 - Spiegelberg
Baden-Württemberg,71000-71999,71579 - Warthof
Baden-Württemberg,71000-71999,71634 - Ludwigsburg
Baden-Württemberg,71000-71999,71636 - Ludwigsburg
Baden-Württemberg,71000-71999,71638 - Ludwigsburg
Baden-Württemberg,71000-71999,71640 - Ludwigsburg
Baden-Württemberg,71000-71999,71642 - Ludwigsburg
Baden-Württemberg,71000-71999,71665 - Vaihingen
Baden-Württemberg,71000-71999,71672 - Makenhof
Baden-Württemberg,71000-71999,71672 - Marbach
Baden-Württemberg,71000-71999,71679 - Asperg
Baden-Württemberg,71000-71999,71686 - Remseck
Baden-Württemberg,71000-71999,71691 - Freiberg
Baden-Württemberg,71000-71999,71696 - Möglingen
Baden-Württemberg,71000-71999,71701 - Schwieberdingen
Baden-Württemberg,71000-71999,71706 - Hardthof
Baden-Württemberg,71000-71999,71706 - Markgröningen
Baden-Württemberg,71000-71999,71711 - Hinterbirkenhof
Baden-Württemberg,71000-71999,71711 - Murr
Baden-Württemberg,71000-71999,71711 - Steinheim
Baden-Württemberg,71000-71999,71717 - Beilstein
Baden-Württemberg,71000-71999,71720 - Obere Ölmühle
Baden-Württemberg,71000-71999,71720 - Oberstenfeld
Baden-Württemberg,71000-71999,71720 - Untere Ölmühle
Baden-Württemberg,71000-71999,71723 - Großbottwar
Baden-Württemberg,71000-71999,71726 - Benningen
Baden-Württemberg,71000-71999,71729 - Erdmannhausen
Baden-Württemberg,71000-71999,71729 - Rundsmühlhof
Baden-Württemberg,71000-71999,71732 - Lehenfeld
Baden-Württemberg,71000-71999,71732 - Silberhälden
Baden-Württemberg,71000-71999,71732 - Tamm
Baden-Württemberg,71000-71999,71735 - Eberdingen
Baden-Württemberg,71000-71999,71737 - Kirchberg
Baden-Württemberg,71000-71999,71739 - Oberriexingen
Baden-Württemberg,72000-72999,72070 - Hohenentringen
Baden-Württemberg,72000-72999,72070 - Tuebingen
Baden-Württemberg,72000-72999,72072 - Tuebingen
Baden-Württemberg,72000-72999,72074 - Tuebingen
Baden-Württemberg,72000-72999,72076 - Tuebingen
Baden-Württemberg,72000-72999,72108 - Rottenburg
Baden-Württemberg,72000-72999,72116 - Moessingen
Baden-Württemberg,72000-72999,72119 - Ammerbuch
Baden-Württemberg,72000-72999,72124 - Pliezhausen
Baden-Württemberg,72000-72999,72127 - Kusterdingen
Baden-Württemberg,72000-72999,72131 - Ofterdingen
Baden-Württemberg,72000-72999,72135 - Dettenhausen
Baden-Württemberg,72000-72999,72138 - Im Hengstrain
Baden-Württemberg,72000-72999,72138 - Kirchentellinsfurt
Baden-Württemberg,72000-72999,72141 - Walddorfhaeslach
Baden-Württemberg,72000-72999,72144 - Dusslingen
Baden-Württemberg,72000-72999,72145 - Hirrlingen
Baden-Württemberg,72000-72999,72147 - Nehren
Baden-Württemberg,72000-72999,72147 - Schlattwiesen
Baden-Württemberg,72000-72999,72149 - Neustetten
Baden-Württemberg,72000-72999,72160 - Horb
Baden-Württemberg,72000-72999,72160 - Oberer Eutinger Talhof
Baden-Württemberg,72000-72999,72160 - Oberhof
Baden-Württemberg,72000-72999,72172 - Sulz
Baden-Württemberg,72000-72999,72175 - Dornhan
Baden-Württemberg,72000-72999,72178 - Waldachtal
Baden-Württemberg,72000-72999,72181 - Starzach
Baden-Württemberg,72000-72999,72184 - Eutingen
Baden-Württemberg,72000-72999,72186 - Empfingen
Baden-Württemberg,72000-72999,72186 - Weiherhof
Baden-Württemberg,72000-72999,72189 - Voehringen
Baden-Württemberg,72000-72999,72202 - Nagold
Baden-Württemberg,72000-72999,72213 - Altensteig
Baden-Württemberg,72000-72999,72218 - Wildberg
Baden-Württemberg,72000-72999,72221 - Haiterbach
Baden-Württemberg,72000-72999,72224 - Ebhausen
Baden-Württemberg,72000-72999,72226 - Simmersfeld
Baden-Württemberg,72000-72999,72227 - Egenhausen
Baden-Württemberg,72000-72999,72229 - Rohrdorf
Baden-Württemberg,72000-72999,72250 - Freudenstadt
Baden-Württemberg,72000-72999,72250 - Zuflucht
Baden-Württemberg,72000-72999,72270 - Baiersbronn
Baden-Württemberg,72000-72999,72275 - Alpirsbach
Baden-Württemberg,72000-72999,72280 - Dornstetten
Baden-Württemberg,72000-72999,72285 - Pfalzgrafenweiler
Baden-Württemberg,72000-72999,72290 - Lossburg
Baden-Württemberg,72000-72999,72290 - Schwenkenhof
Baden-Württemberg,72000-72999,72291 - Betzweiler-Waelde
Baden-Württemberg,72000-72999,72291 - Salzenweiler
Baden-Württemberg,72000-72999,72293 - Glatten
Baden-Württemberg,72000-72999,72294 - Groembach
Baden-Württemberg,72000-72999,72296 - Schopfloch
Baden-Württemberg,72000-72999,72297 - Pfaffenstube
Baden-Württemberg,72000-72999,72297 - Seewald
Baden-Württemberg,72000-72999,72297 - Voelmlesmuehle
Baden-Württemberg,72000-72999,72299 - Woernersberg
Baden-Württemberg,72000-72999,72299 - Zinsbachmuehle
Baden-Württemberg,72000-72999,72336 - Balingen
Baden-Württemberg,72000-72999,72348 - Rosenfeld
Baden-Württemberg,72000-72999,72351 - Geislingen
Baden-Württemberg,72000-72999,72355 - Schoemberg
Baden-Württemberg,72000-72999,72356 - Dautmergen
Baden-Württemberg,72000-72999,72358 - Dormettingen
Baden-Württemberg,72000-72999,72359 - Dotternhausen
Baden-Württemberg,72000-72999,72361 - Hausen
Baden-Württemberg,72000-72999,72362 - Nusplingen
Baden-Württemberg,72000-72999,72364 - Obernheim
Baden-Württemberg,72000-72999,72365 - Ratshausen
Baden-Württemberg,72000-72999,72367 - Weilen
Baden-Württemberg,72000-72999,72369 - Zimmern
Baden-Württemberg,72000-72999,72379 - Burg Hohenzollern
Baden-Württemberg,72000-72999,72379 - Hechingen
Baden-Württemberg,72000-72999,72393 - Burladingen
Baden-Württemberg,72000-72999,72401 - Haigerloch
Baden-Württemberg,72000-72999,72406 - Bisingen
Baden-Württemberg,72000-72999,72411 - Bodelshausen
Baden-Württemberg,72000-72999,72414 - Rangendingen
Baden-Württemberg,72000-72999,72415 - Grosselfingen
Baden-Württemberg,72000-72999,72417 - Jungingen
Baden-Württemberg,72000-72999,72419 - Lieshoefe
Baden-Württemberg,72000-72999,72419 - Neufra
Baden-Württemberg,72000-72999,72419 - Stollbeck
Baden-Württemberg,72000-72999,72458 - Albstadt
Baden-Württemberg,72000-72999,72458 - Linderhof
Baden-Württemberg,72000-72999,72459 - Albstadt
Baden-Württemberg,72000-72999,72461 - Albstadt
Baden-Württemberg,72000-72999,72469 - Messstetten
Baden-Württemberg,72000-72999,72474 - Winterlingen
Baden-Württemberg,72000-72999,72475 - Bitz
Baden-Württemberg,72000-72999,72477 - Schwenningen
Baden-Württemberg,72000-72999,72479 - Strassberg
Baden-Württemberg,72000-72999,72488 - Sigmaringen
Baden-Württemberg,72000-72999,72501 - Gammertingen
Baden-Württemberg,72000-72999,72501 - Pistre
Baden-Württemberg,72000-72999,72505 - Krauchenwies
Baden-Württemberg,72000-72999,72510 - Stetten
Baden-Württemberg,72000-72999,72511 - Bingen
Baden-Württemberg,72000-72999,72513 - Hettingen
Baden-Württemberg,72000-72999,72514 - Inzigkofen
Baden-Württemberg,72000-72999,72516 - Scheer
Baden-Württemberg,72000-72999,72517 - Sigmaringendorf
Baden-Württemberg,72000-72999,72519 - Veringenstadt
Baden-Württemberg,72000-72999,72525 - Gutsbezirk Muensingen
Baden-Württemberg,72000-72999,72525 - Muensingen
Baden-Württemberg,72000-72999,72531 - Hohenstein
Baden-Württemberg,72000-72999,72532 - Gomadingen
Baden-Württemberg,72000-72999,72534 - Hayingen
Baden-Württemberg,72000-72999,72535 - Heroldstatt
Baden-Württemberg,72000-72999,72537 - Mehrstetten
Baden-Württemberg,72000-72999,72539 - Pfronstetten
Baden-Württemberg,72000-72999,72555 - Metzingen
Baden-Württemberg,72000-72999,72574 - Bad Urach
Baden-Württemberg,72000-72999,72581 - Dettingen
Baden-Württemberg,72000-72999,72582 - Grabenstetten
Baden-Württemberg,72000-72999,72584 - Huelben
Baden-Württemberg,72000-72999,72585 - Riederich
Baden-Württemberg,72000-72999,72587 - Roemerstein
Baden-Württemberg,72000-72999,72589 - Westerheim
Baden-Württemberg,72000-72999,72622 - Nuertingen
Baden-Württemberg,72000-72999,72631 - Aichtal
Baden-Württemberg,72000-72999,72636 - Frickenhausen
Baden-Württemberg,72000-72999,72639 - Neuffen
Baden-Württemberg,72000-72999,72644 - Oberboihingen
Baden-Württemberg,72000-72999,72649 - Wolfschlugen
Baden-Württemberg,72000-72999,72654 - Neckartenzlingen
Baden-Württemberg,72000-72999,72655 - Altdorf
Baden-Württemberg,72000-72999,72657 - Altenriet
Baden-Württemberg,72000-72999,72658 - Bempflingen
Baden-Württemberg,72000-72999,72660 - Beuren
Baden-Württemberg,72000-72999,72661 - Grafenberg
Baden-Württemberg,72000-72999,72663 - Grossbettlingen
Baden-Württemberg,72000-72999,72664 - Kohlberg
Baden-Württemberg,72000-72999,72666 - Neckartailfingen
Baden-Württemberg,72000-72999,72667 - Schlaitdorf
Baden-Württemberg,72000-72999,72669 - Unterensingen
Baden-Württemberg,72000-72999,72760 - Reutlingen
Baden-Württemberg,72000-72999,72762 - Reutlingen
Baden-Württemberg,72000-72999,72764 - Reutlingen
Baden-Württemberg,72000-72999,72766 - Reutlingen
Baden-Württemberg,72000-72999,72768 - Reutlingen
Baden-Württemberg,72000-72999,72770 - Reutlingen
Baden-Württemberg,72000-72999,72793 - Pfullingen
Baden-Württemberg,72000-72999,72800 - Eningen
Baden-Württemberg,72000-72999,72805 - Lichtenstein
Baden-Württemberg,72000-72999,72810 - Gomaringen
Baden-Württemberg,72000-72999,72813 - Oberer Lindenhof
Baden-Württemberg,72000-72999,72813 - St. Johann
Baden-Württemberg,72000-72999,72818 - Trochtelfingen
Baden-Württemberg,72000-72999,72820 - Sonnenbuehl
Baden-Württemberg,72000-72999,72827 - Wannweil
Baden-Württemberg,72000-72999,72829 - Engstingen
Baden-Württemberg,73000-73999,73033 - Göppingen
Baden-Württemberg,73000-73999,73035 - Göppingen
Baden-Württemberg,73000-73999,73037 - Eitleshof
Baden-Württemberg,73000-73999,73037 - Göppingen
Baden-Württemberg,73000-73999,73037 - Iltishof
Baden-Württemberg,73000-73999,73054 - Eislingen
Baden-Württemberg,73000-73999,73054 - Naeherhof
Baden-Württemberg,73000-73999,73061 - Ebersbach
Baden-Württemberg,73000-73999,73066 - Uhingen
Baden-Württemberg,73000-73999,73072 - Donzdorf
Baden-Württemberg,73000-73999,73072 - Frauenholz
Baden-Württemberg,73000-73999,73072 - Kratzerhoefle
Baden-Württemberg,73000-73999,73072 - Schurrenhof
Baden-Württemberg,73000-73999,73079 - Baierhof
Baden-Württemberg,73000-73999,73079 - Suessen
Baden-Württemberg,73000-73999,73084 - Salach
Baden-Württemberg,73000-73999,73087 - Boll
Baden-Württemberg,73000-73999,73087 - Erlenwasen
Baden-Württemberg,73000-73999,73092 - Heiningen
Baden-Württemberg,73000-73999,73095 - Albershausen
Baden-Württemberg,73000-73999,73098 - Rechberghausen
Baden-Württemberg,73000-73999,73099 - Adelberg
Baden-Württemberg,73000-73999,73101 - Aichelberg
Baden-Württemberg,73000-73999,73102 - Birenbach
Baden-Württemberg,73000-73999,73104 - Boertlingen
Baden-Württemberg,73000-73999,73105 - Duernau
Baden-Württemberg,73000-73999,73107 - Eschenbach
Baden-Württemberg,73000-73999,73107 - Haagwiesen
Baden-Württemberg,73000-73999,73107 - Lotenberg
Baden-Württemberg,73000-73999,73108 - Gammelshausen
Baden-Württemberg,73000-73999,73110 - Hattenhofen
Baden-Württemberg,73000-73999,73111 - Lauterstein
Baden-Württemberg,73000-73999,73113 - Oberer Etzberg
Baden-Württemberg,73000-73999,73113 - Ottenbach
Baden-Württemberg,73000-73999,73114 - Schlat
Baden-Württemberg,73000-73999,73116 - Krettenhof
Baden-Württemberg,73000-73999,73116 - Schuetzenhof
Baden-Württemberg,73000-73999,73116 - Waeschenbeuren
Baden-Württemberg,73000-73999,73117 - Wangen
Baden-Württemberg,73000-73999,73119 - Zell
Baden-Württemberg,73000-73999,73207 - Plochingen
Baden-Württemberg,73000-73999,73230 - Kirchheim unter Teck
Baden-Württemberg,73000-73999,73235 - Kaltenwanghof
Baden-Württemberg,73000-73999,73235 - Weilheim
Baden-Württemberg,73000-73999,73240 - Wendlingen
Baden-Württemberg,73000-73999,73249 - Berghof
Baden-Württemberg,73000-73999,73249 - Erlenhof
Baden-Württemberg,73000-73999,73249 - Wernau
Baden-Württemberg,73000-73999,73252 - Lenningen
Baden-Württemberg,73000-73999,73257 - Koengen
Baden-Württemberg,73000-73999,73262 - Reichenbach
Baden-Württemberg,73000-73999,73265 - Dettingen
Baden-Württemberg,73000-73999,73266 - Bissingen
Baden-Württemberg,73000-73999,73266 - Diepoldsburg
Baden-Württemberg,73000-73999,73266 - Engelhof
Baden-Württemberg,73000-73999,73266 - Torfgrube
Baden-Württemberg,73000-73999,73268 - Erkenbrechtsweiler
Baden-Württemberg,73000-73999,73269 - Hochdorf
Baden-Württemberg,73000-73999,73271 - Holzmaden
Baden-Württemberg,73000-73999,73272 - Neidlingen
Baden-Württemberg,73000-73999,73274 - Notzingen
Baden-Württemberg,73000-73999,73275 - Ohmden
Baden-Württemberg,73000-73999,73277 - Owen
Baden-Württemberg,73000-73999,73278 - Schlierbach
Baden-Württemberg,73000-73999,73312 - Berneck
Baden-Württemberg,73000-73999,73312 - Geislingen
Baden-Württemberg,73000-73999,73312 - Obere Roggenmuehle
Baden-Württemberg,73000-73999,73312 - Schonterhoehe
Baden-Württemberg,73000-73999,73326 - Deggingen
Baden-Württemberg,73000-73999,73329 - Kuchen
Baden-Württemberg,73000-73999,73333 - Gingen
Baden-Württemberg,73000-73999,73337 - Bad šberkingen
Baden-Württemberg,73000-73999,73340 - Amstetten
Baden-Württemberg,73000-73999,73342 - Bad Ditzenbach
Baden-Württemberg,73000-73999,73344 - Gruibingen
Baden-Württemberg,73000-73999,73345 - Drackenstein
Baden-Württemberg,73000-73999,73345 - Geislinger Weg
Baden-Württemberg,73000-73999,73345 - Grossmannshof
Baden-Württemberg,73000-73999,73345 - Hohenstadt
Baden-Württemberg,73000-73999,73347 - Muehlhausen
Baden-Württemberg,73000-73999,73349 - Eselhoefe
Baden-Württemberg,73000-73999,73349 - Koelleshof
Baden-Württemberg,73000-73999,73349 - Todsburg
Baden-Württemberg,73000-73999,73349 - Wiesensteig
Baden-Württemberg,73000-73999,73430 - Aalen
Baden-Württemberg,73000-73999,73431 - Aalen
Baden-Württemberg,73000-73999,73432 - Aalen
Baden-Württemberg,73000-73999,73433 - Aalen
Baden-Württemberg,73000-73999,73434 - Aalen
Baden-Württemberg,73000-73999,73434 - Untersiegenbuehl
Baden-Württemberg,73000-73999,73441 - Bopfingen
Baden-Württemberg,73000-73999,73441 - Heerhof
Baden-Württemberg,73000-73999,73441 - Hohenlohe
Baden-Württemberg,73000-73999,73441 - Osterholz
Baden-Württemberg,73000-73999,73447 - Oberkochen
Baden-Württemberg,73000-73999,73450 - Hochstatter Hof
Baden-Württemberg,73000-73999,73450 - Neresheim
Baden-Württemberg,73000-73999,73453 - Abtsgmuend
Baden-Württemberg,73000-73999,73453 - Algishofen
Baden-Württemberg,73000-73999,73453 - Brandhof
Baden-Württemberg,73000-73999,73453 - Fach
Baden-Württemberg,73000-73999,73453 - Fuchshaeusle
Baden-Württemberg,73000-73999,73453 - Langenhalde
Baden-Württemberg,73000-73999,73453 - Muehlholz
Baden-Württemberg,73000-73999,73453 - Obersiegenbuehl
Baden-Württemberg,73000-73999,73453 - Roetenbach
Baden-Württemberg,73000-73999,73453 - Schlauchhof
Baden-Württemberg,73000-73999,73453 - Schleifhaeusle
Baden-Württemberg,73000-73999,73453 - Suhhaus
Baden-Württemberg,73000-73999,73453 - Wahlenhalden
Baden-Württemberg,73000-73999,73453 - Zanken
Baden-Württemberg,73000-73999,73457 - Essingen
Baden-Württemberg,73000-73999,73460 - Huettlingen
Baden-Württemberg,73000-73999,73463 - Westhausen
Baden-Württemberg,73000-73999,73466 - Lauchheim
Baden-Württemberg,73000-73999,73467 - Kirchheim
Baden-Württemberg,73000-73999,73469 - Riesbuerg
Baden-Württemberg,73000-73999,73479 - Adlersteige
Baden-Württemberg,73000-73999,73479 - Ellwangen
Baden-Württemberg,73000-73999,73485 - Ellrichsbronn
Baden-Württemberg,73000-73999,73485 - Unterschneidheim
Baden-Württemberg,73000-73999,73486 - Adelmannsfelden
Baden-Württemberg,73000-73999,73488 - Ellenberg
Baden-Württemberg,73000-73999,73489 - Grunbachsaegmuehle
Baden-Württemberg,73000-73999,73489 - Henkensaegmuehle
Baden-Württemberg,73000-73999,73489 - Jagstzell
Baden-Württemberg,73000-73999,73489 - Ölmuehle
Baden-Württemberg,73000-73999,73489 - Reifenhof
Baden-Württemberg,73000-73999,73489 - Reifensaegmuehle
Baden-Württemberg,73000-73999,73489 - Sperrhof
Baden-Württemberg,73000-73999,73491 - Neuler
Baden-Württemberg,73000-73999,73492 - Rainau
Baden-Württemberg,73000-73999,73494 - Belzhof
Baden-Württemberg,73000-73999,73494 - Fleckenbacher Saegmuehle
Baden-Württemberg,73000-73999,73494 - Gauchshausen
Baden-Württemberg,73000-73999,73494 - Rosenberg
Baden-Württemberg,73000-73999,73495 - Stoedtlen
Baden-Württemberg,73000-73999,73497 - Tannhausen
Baden-Württemberg,73000-73999,73499 - Woert
Baden-Württemberg,73000-73999,73525 - Schwaebisch Gmuend
Baden-Württemberg,73000-73999,73527 - Schwaebisch Gmuend
Baden-Württemberg,73000-73999,73527 - Taeferrot
Baden-Württemberg,73000-73999,73529 - Baerenhof
Baden-Württemberg,73000-73999,73529 - Pfeilhalde
Baden-Württemberg,73000-73999,73529 - Saurenhof
Baden-Württemberg,73000-73999,73529 - Schwaebisch Gmuend
Baden-Württemberg,73000-73999,73540 - Heubach
Baden-Württemberg,73000-73999,73547 - Beutenmuehle
Baden-Württemberg,73000-73999,73547 - Lorch
Baden-Württemberg,73000-73999,73550 - Hummelshalden
Baden-Württemberg,73000-73999,73550 - Waldstetten
Baden-Württemberg,73000-73999,73553 - Alfdorf
Baden-Württemberg,73000-73999,73553 - Birkhof
Baden-Württemberg,73000-73999,73553 - Haselbach-Soeldhaus
Baden-Württemberg,73000-73999,73553 - Ölmuehle
Baden-Württemberg,73000-73999,73553 - Schillinghof
Baden-Württemberg,73000-73999,73553 - Voggenmuehlhoefle
Baden-Württemberg,73000-73999,73557 - Mutlangen
Baden-Württemberg,73000-73999,73560 - Boebingen
Baden-Württemberg,73000-73999,73563 - Moegglingen
Baden-Württemberg,73000-73999,73563 - Sixenhof
Baden-Württemberg,73000-73999,73565 - Mooswiese
Baden-Württemberg,73000-73999,73565 - Spraitbach
Baden-Württemberg,73000-73999,73565 - Stutzenklinge
Baden-Württemberg,73000-73999,73566 - Bartholomae
Baden-Württemberg,73000-73999,73566 - Bibersohl
Baden-Württemberg,73000-73999,73566 - Birkenteich
Baden-Württemberg,73000-73999,73566 - Irmannsweiler
Baden-Württemberg,73000-73999,73568 - Durlangen
Baden-Württemberg,73000-73999,73568 - Leinhaeusle
Baden-Württemberg,73000-73999,73568 - Weggen-Ziegelhuette
Baden-Württemberg,73000-73999,73569 - Braeunlesrain
Baden-Württemberg,73000-73999,73569 - Buchhof
Baden-Württemberg,73000-73999,73569 - Eschach
Baden-Württemberg,73000-73999,73569 - Obergroeningen
Baden-Württemberg,73000-73999,73569 - Reute
Baden-Württemberg,73000-73999,73571 - Goeggingen
Baden-Württemberg,73000-73999,73572 - Heuchlingen
Baden-Württemberg,73000-73999,73574 - Iggingen
Baden-Württemberg,73000-73999,73574 - Muehlhoelzle
Baden-Württemberg,73000-73999,73574 - Pfaffenhaeusle
Baden-Württemberg,73000-73999,73575 - Horn
Baden-Württemberg,73000-73999,73575 - Horner Muehle
Baden-Württemberg,73000-73999,73575 - Kleemeisterei
Baden-Württemberg,73000-73999,73575 - Leinzell
Baden-Württemberg,73000-73999,73575 - Mulfingen
Baden-Württemberg,73000-73999,73577 - Buchhof
Baden-Württemberg,73000-73999,73577 - Heiligenbruck
Baden-Württemberg,73000-73999,73577 - Koppenkreut
Baden-Württemberg,73000-73999,73577 - Ruppertshofen
Baden-Württemberg,73000-73999,73577 - Schilpenbuehl
Baden-Württemberg,73000-73999,73577 - Utzstetten
Baden-Württemberg,73000-73999,73579 - Schechingen
Baden-Württemberg,73000-73999,73614 - Schorndorf
Baden-Württemberg,73000-73999,73614 - Wellingshof
Baden-Württemberg,73000-73999,73630 - Remshalden
Baden-Württemberg,73000-73999,73635 - Obersteinenberg
Baden-Württemberg,73000-73999,73635 - Rudersberg
Baden-Württemberg,73000-73999,73642 - Eibenhof
Baden-Württemberg,73000-73999,73642 - Klingenmuehlhoefle
Baden-Württemberg,73000-73999,73642 - Koeshof
Baden-Württemberg,73000-73999,73642 - Schautenhof
Baden-Württemberg,73000-73999,73642 - Welzheim
Baden-Württemberg,73000-73999,73650 - Winterbach
Baden-Württemberg,73000-73999,73655 - Baerenbach
Baden-Württemberg,73000-73999,73655 - Eulenhof
Baden-Württemberg,73000-73999,73655 - Haldenhof
Baden-Württemberg,73000-73999,73655 - Haselhof
Baden-Württemberg,73000-73999,73655 - Ilgenhof
Baden-Württemberg,73000-73999,73655 - Pfahlbronner Muehle
Baden-Württemberg,73000-73999,73655 - Pluederhausen
Baden-Württemberg,73000-73999,73655 - Schenkhoefle
Baden-Württemberg,73000-73999,73660 - Urbach
Baden-Württemberg,73000-73999,73663 - Berglen
Baden-Württemberg,73000-73999,73666 - Baltmannsweiler
Baden-Württemberg,73000-73999,73667 - Ebnisee
Baden-Württemberg,73000-73999,73667 - Kaisersbach
Baden-Württemberg,73000-73999,73669 - Lichtenwald
Baden-Württemberg,73000-73999,73728 - Esslingen
Baden-Württemberg,73000-73999,73730 - Esslingen
Baden-Württemberg,73000-73999,73732 - Esslingen
Baden-Württemberg,73000-73999,73733 - Esslingen
Baden-Württemberg,73000-73999,73734 - Esslingen
Baden-Württemberg,73000-73999,73760 - Ostfildern
Baden-Württemberg,73000-73999,73765 - Neuhausen
Baden-Württemberg,73000-73999,73770 - Denkendorf
Baden-Württemberg,73000-73999,73773 - Aichwald
Baden-Württemberg,73000-73999,73776 - Altbach
Baden-Württemberg,73000-73999,73779 - Deizisau
Baden-Württemberg,74000-74999,"74072 - Heilbronn, Neckar"
Baden-Württemberg,74000-74999,"74074 - Heilbronn, Neckar"
Baden-Württemberg,74000-74999,"74076 - Heilbronn, Neckar"
Baden-Württemberg,74000-74999,"74078 - Heilbronn, Neckar"
Baden-Württemberg,74000-74999,"74080 - Heilbronn, Neckar"
Baden-Württemberg,74000-74999,"74081 - Heilbronn, Neckar"
Baden-Württemberg,74000-74999,74172 - Neckarsulm
Baden-Württemberg,74000-74999,74177 - Bad Friedrichshall
Baden-Württemberg,74000-74999,74182 - Obersulm
Baden-Württemberg,74000-74999,74189 - Weinsberg
Baden-Württemberg,74000-74999,"74193 - Schwaigern, Wuertt"
Baden-Württemberg,74000-74999,74196 - Grollenhof
Baden-Württemberg,74000-74999,74196 - Neuenstadtam Kocher
Baden-Württemberg,74000-74999,74199 - Untergruppenbach
Baden-Württemberg,74000-74999,74206 - Bad Wimpfen
Baden-Württemberg,74000-74999,74211 - Leingarten
Baden-Württemberg,74000-74999,"74214 - Schoental, Jagst"
Baden-Württemberg,74000-74999,74219 - Moeckmuehl
Baden-Württemberg,74000-74999,"74223 - Fleinb Heilbronn, Neckar"
Baden-Württemberg,74000-74999,74223 - Talheimer Hof
Baden-Württemberg,74000-74999,"74226 - Nordheim, Wuertt"
Baden-Württemberg,74000-74999,74229 - Oedheim
Baden-Württemberg,74000-74999,74232 - Abstatt
Baden-Württemberg,74000-74999,"74235 - Erlenbach, Kr Heilbronn, Neckar"
Baden-Württemberg,74000-74999,"74238 - Krautheim, Jagst"
Baden-Württemberg,74000-74999,74239 - Hardthausenam Kocher
Baden-Württemberg,74000-74999,74243 - Langenbrettach
Baden-Württemberg,74000-74999,"74245 - Loewenstein, Wuertt"
Baden-Württemberg,74000-74999,"74246 - Eberstadt, Wuertt"
Baden-Württemberg,74000-74999,"74248 - Ellhofen, Wuertt"
Baden-Württemberg,74000-74999,"74249 - Buchhof, Gem Hardthausen am Kocher"
Baden-Württemberg,74000-74999,"74249 - Buchhof, Gem Öhringen"
Baden-Württemberg,74000-74999,"74249 - Jagsthausenb Heilbronn, Neckar"
Baden-Württemberg,74000-74999,74249 - Trautenhof
Baden-Württemberg,74000-74999,74251 - Lehrensteinsfeld
Baden-Württemberg,74000-74999,74252 - Massenbachhausen
Baden-Württemberg,74000-74999,"74254 - Offenau, Wuertt"
Baden-Württemberg,74000-74999,74255 - Roigheim
Baden-Württemberg,74000-74999,74257 - Untereisesheim
Baden-Württemberg,74000-74999,74259 - Widdern
Baden-Württemberg,74000-74999,74321 - Bietigheim-Bissingen
Baden-Württemberg,74000-74999,74336 - Brackenheim
Baden-Württemberg,74000-74999,"74343 - Sachsenheim, Wuertt"
Baden-Württemberg,74000-74999,74348 - Lauffenam Neckar
Baden-Württemberg,74000-74999,74354 - Besigheim
Baden-Württemberg,74000-74999,74357 - Boennigheim
Baden-Württemberg,74000-74999,74357 - Bellevueb Boennigheim
Baden-Württemberg,74000-74999,74360 - Ilsfeld
Baden-Württemberg,74000-74999,74360 - Pfahlhof
Baden-Württemberg,74000-74999,74363 - Gueglingen
Baden-Württemberg,74000-74999,74366 - Kirchheimam Neckar
Baden-Württemberg,74000-74999,74369 - Loechgau
Baden-Württemberg,74000-74999,74372 - Sersheim
Baden-Württemberg,74000-74999,74374 - Zaberfeld
Baden-Württemberg,74000-74999,74376 - Gemmrigheim
Baden-Württemberg,74000-74999,"74379 - Ingersheim, Wuertt"
Baden-Württemberg,74000-74999,74382 - Neckarwestheim
Baden-Württemberg,74000-74999,74385 - Pleidelsheim
Baden-Württemberg,74000-74999,"74388 - Talheim, Neckar"
Baden-Württemberg,74000-74999,74389 - Cleebronn
Baden-Württemberg,74000-74999,74391 - Erligheim
Baden-Württemberg,74000-74999,"74392 - Freudental, Wuertt"
Baden-Württemberg,74000-74999,74394 - Hessigheim
Baden-Württemberg,74000-74999,74394 - Schreyerhof
Baden-Württemberg,74000-74999,74395 - Mundelsheim
Baden-Württemberg,74000-74999,"74397 - Pfaffenhofen, Wuertt"
Baden-Württemberg,74000-74999,"74399 - Walheim, Wuertt"
Baden-Württemberg,74000-74999,74405 - Gaildorf
Baden-Württemberg,74000-74999,74417 - Gschwendb Gaildorf
Baden-Württemberg,74000-74999,74417 - Hoellhofb Schwaebisch Gmuend
Baden-Württemberg,74000-74999,74417 - Jakobsbergb Gaildorf
Baden-Württemberg,74000-74999,74420 - Oberrotb Gaildorf
Baden-Württemberg,74000-74999,74423 - Obersontheim
Baden-Württemberg,74000-74999,74424 - Buehlertann
Baden-Württemberg,74000-74999,74426 - Buehlerzell
Baden-Württemberg,74000-74999,"74427 - Fichtenberg, Wuertt"
Baden-Württemberg,74000-74999,74429 - Sulzbach-Laufen
Baden-Württemberg,74000-74999,74523 - Buehlerzimmern
Baden-Württemberg,74000-74999,74523 - Burgbretzingen
Baden-Württemberg,74000-74999,74523 - Einkorn
Baden-Württemberg,74000-74999,74523 - Scherbenmuehle
Baden-Württemberg,74000-74999,74523 - Schwaebisch Hall
Baden-Württemberg,74000-74999,74523 - Traubenmuehle
Baden-Württemberg,74000-74999,74532 - Buchb Ilshofen
Baden-Württemberg,74000-74999,74532 - Ilshofen
Baden-Württemberg,74000-74999,74532 - Landturmb Wolpertshausen
Baden-Württemberg,74000-74999,74535 - Mainhardt
Baden-Württemberg,74000-74999,"74538 - Rosengarten, Wuertt"
Baden-Württemberg,74000-74999,74541 - Vellberg
Baden-Württemberg,74000-74999,"74542 - Braunsbach, Wuertt"
Baden-Württemberg,74000-74999,74544 - Michelbach an der Bilz
Baden-Württemberg,74000-74999,74545 - Hinterziegelhalden
Baden-Württemberg,74000-74999,"74545 - Michelfeld, Kr Schwaebisch Hall"
Baden-Württemberg,74000-74999,74547 - Untermuenkheim
Baden-Württemberg,74000-74999,74549 - Wolpertshausen
Baden-Württemberg,74000-74999,74564 - Auhofb Crailsheim
Baden-Württemberg,74000-74999,74564 - Crailsheim
Baden-Württemberg,74000-74999,74564 - Heldenmuehle
Baden-Württemberg,74000-74999,74564 - Schummhofb Crailsheim
Baden-Württemberg,74000-74999,74572 - Blaufelden
Baden-Württemberg,74000-74999,74575 - Schrozberg
Baden-Württemberg,74000-74999,74579 - Buchmuehleb Fichtenau
Baden-Württemberg,74000-74999,74579 - Fichtenau
Baden-Württemberg,74000-74999,74579 - Finkenbergb Fichtenau
Baden-Württemberg,74000-74999,74579 - Finkenhaus
Baden-Württemberg,74000-74999,74579 - Hahnenmuehleb Fichtenau
Baden-Württemberg,74000-74999,74579 - Neumuehleb Fichtenau
Baden-Württemberg,74000-74999,74579 - Ratzensaegmuehle
Baden-Württemberg,74000-74999,"74582 - Gerabronn, Wuertt"
Baden-Württemberg,74000-74999,74585 - Horschhof
Baden-Württemberg,74000-74999,74585 - Rot am See
Baden-Württemberg,74000-74999,74586 - Frankenhardt
Baden-Württemberg,74000-74999,74589 - Satteldorf
Baden-Württemberg,74000-74999,74592 - Kirchbergan der Jagst
Baden-Württemberg,74000-74999,74594 - Gumpenweilerb Kressberg
Baden-Württemberg,74000-74999,74594 - Kressberg
Baden-Württemberg,74000-74999,"74595 - Langenburg, Wuertt"
Baden-Württemberg,74000-74999,74597 - Appensee
Baden-Württemberg,74000-74999,74597 - Eckarrot
Baden-Württemberg,74000-74999,74597 - Eulenmuehleb Jagstzell
Baden-Württemberg,74000-74999,"74597 - Mittelmuehle, Wuertt"
Baden-Württemberg,74000-74999,74597 - Riegersheim
Baden-Württemberg,74000-74999,74597 - Stimpfach
Baden-Württemberg,74000-74999,"74599 - Wallhausen, Wuertt"
Baden-Württemberg,74000-74999,74613 - Öhringen
Baden-Württemberg,74000-74999,74626 - Bretzfeld
Baden-Württemberg,74000-74999,74629 - Pfedelbach
Baden-Württemberg,74000-74999,"74632 - Haberhof, Wuertt"
Baden-Württemberg,74000-74999,"74632 - Neuenstein, Wuertt"
Baden-Württemberg,74000-74999,74632 - Orbachshof
Baden-Württemberg,74000-74999,74635 - Kupferzell
Baden-Württemberg,74000-74999,"74638 - Waldenburg, Wuertt"
Baden-Württemberg,74000-74999,74639 - Schiesshof
Baden-Württemberg,74000-74999,"74639 - Zweiflingen, Wuertt"
Baden-Württemberg,74000-74999,74653 - Ingelfingen
Baden-Württemberg,74000-74999,74653 - Kuenzelsau
Baden-Württemberg,74000-74999,74670 - Forchtenberg
Baden-Württemberg,74000-74999,"74673 - Mulfingen, Jagst"
Baden-Württemberg,74000-74999,74676 - Niedernhall
Baden-Württemberg,74000-74999,74677 - Doerzbach
Baden-Württemberg,74000-74999,"74679 - Weissbach, Wuertt"
Baden-Württemberg,74000-74999,74706 - Osterburken
Baden-Württemberg,74000-74999,74722 - Buchen(Odenwald)
Baden-Württemberg,74000-74999,74731 - Storchhof
Baden-Württemberg,74000-74999,74731 - Wallduern
Baden-Württemberg,74000-74999,"74736 - Hardheim, Odenw"
Baden-Württemberg,74000-74999,74740 - Adelsheim
Baden-Württemberg,74000-74999,74743 - Seckach
Baden-Württemberg,74000-74999,"74744 - Ahorn, Baden"
Baden-Württemberg,74000-74999,74746 - Hoepfingen
Baden-Württemberg,74000-74999,"74747 - Ravenstein, Baden"
Baden-Württemberg,74000-74999,"74749 - Rosenberg, Baden"
Baden-Württemberg,74000-74999,"74821 - Mosbach, Baden"
Baden-Württemberg,74000-74999,"74831 - Gundelsheim, Wuertt"
Baden-Württemberg,74000-74999,74834 - Elztal
Baden-Württemberg,74000-74999,74834 - Heidersbacher Muehle
Baden-Württemberg,74000-74999,"74838 - Limbach, Baden"
Baden-Württemberg,74000-74999,"74842 - Billigheim, Baden"
Baden-Württemberg,74000-74999,"74847 - Obrigheim, Baden"
Baden-Württemberg,74000-74999,74850 - Schefflenz
Baden-Württemberg,74000-74999,74855 - Hassmersheim
Baden-Württemberg,74000-74999,74858 - Aglasterhausen
Baden-Württemberg,74000-74999,74861 - Neudenau
Baden-Württemberg,74000-74999,74862 - Binau
Baden-Württemberg,74000-74999,"74864 - Fahrenbach, Baden"
Baden-Württemberg,74000-74999,74865 - Neckarzimmern
Baden-Württemberg,74000-74999,"74867 - Neunkirchenb Mosbach, Baden"
Baden-Württemberg,74000-74999,"74869 - Schwarzach, Odenw"
Baden-Württemberg,74000-74999,"74889 - Sinsheim, Elsenz"
Baden-Württemberg,74000-74999,74906 - Bad Rappenau
Baden-Württemberg,74000-74999,74909 - Meckesheim
Baden-Württemberg,74000-74999,74912 - Kirchardt
Baden-Württemberg,74000-74999,74915 - Waibstadt
Baden-Württemberg,74000-74999,74918 - Angelbachtal
Baden-Württemberg,74000-74999,74921 - Helmstadt-Bargen
Baden-Württemberg,74000-74999,74924 - Neckarbischofsheim
Baden-Württemberg,74000-74999,74925 - Epfenbach
Baden-Württemberg,74000-74999,74927 - Eschelbronn
Baden-Württemberg,74000-74999,74928 - Hueffenhardt
Baden-Württemberg,74000-74999,74930 - Ittlingen
Baden-Württemberg,74000-74999,"74931 - Lobbach, Baden"
Baden-Württemberg,74000-74999,"74933 - Neidenstein, Elsenzgau"
Baden-Württemberg,74000-74999,"74934 - Reichartshausen, Baden"
Baden-Württemberg,74000-74999,"74936 - Siegelsbach, Kraichgau"
Baden-Württemberg,74000-74999,74937 - Spechbach
Baden-Württemberg,74000-74999,74939 - Zuzenhausen
Baden-Württemberg,75000-75999,75015 - Bretten
Baden-Württemberg,75000-75999,75031 - Eppingen
Baden-Württemberg,75000-75999,75031 - Giesshuebelmuehle
Baden-Württemberg,75000-75999,75031 - Neuhof
Baden-Württemberg,75000-75999,75038 - Oberderdingen
Baden-Württemberg,75000-75999,75045 - Walzbachtal
Baden-Württemberg,75000-75999,75050 - Gemmingen
Baden-Württemberg,75000-75999,75053 - Gondelsheim
Baden-Württemberg,75000-75999,75056 - Sulzfeld
Baden-Württemberg,75000-75999,75057 - Kuernbach
Baden-Württemberg,75000-75999,75059 - Egonmuehle
Baden-Württemberg,75000-75999,75059 - Zaisenhausen
Baden-Württemberg,75000-75999,75172 - Pforzheim
Baden-Württemberg,75000-75999,75173 - Pforzheim
Baden-Württemberg,75000-75999,75175 - Pforzheim
Baden-Württemberg,75000-75999,75177 - Katharinenthalerhof
Baden-Württemberg,75000-75999,75177 - Pforzheim
Baden-Württemberg,75000-75999,75179 - Pforzheim
Baden-Württemberg,75000-75999,75180 - Pforzheim
Baden-Württemberg,75000-75999,75181 - Pforzheim
Baden-Württemberg,75000-75999,75196 - Remchingen
Baden-Württemberg,75000-75999,75203 - Koenigsbach-Stein
Baden-Württemberg,75000-75999,75210 - Keltern
Baden-Württemberg,75000-75999,75217 - Birkenfeld
Baden-Württemberg,75000-75999,75223 - Niefern-Öschelbronn
Baden-Württemberg,75000-75999,75228 - Ispringen
Baden-Württemberg,75000-75999,75233 - Tiefenbronn
Baden-Württemberg,75000-75999,75236 - Kaempfelbach
Baden-Württemberg,75000-75999,75239 - Eisingen
Baden-Württemberg,75000-75999,75242 - Neuhausen
Baden-Württemberg,75000-75999,75245 - Neulingen
Baden-Württemberg,75000-75999,75248 - Ölbronn-Duerrn
Baden-Württemberg,75000-75999,75249 - Kieselbronn
Baden-Württemberg,75000-75999,75305 - Neuenbuerg
Baden-Württemberg,75000-75999,75323 - Bad Wildbad
Baden-Württemberg,75000-75999,75328 - Schoemberg
Baden-Württemberg,75000-75999,75331 - Engelsbrand
Baden-Württemberg,75000-75999,75334 - Straubenhardt
Baden-Württemberg,75000-75999,75335 - Dobel
Baden-Württemberg,75000-75999,75337 - Enzkloesterle
Baden-Württemberg,75000-75999,75337 - Nonnenmiss
Baden-Württemberg,75000-75999,"75339 - Hoefen, Höfen an der Enz"
Baden-Württemberg,75000-75999,75365 - Calw
Baden-Württemberg,75000-75999,75378 - Bad Liebenzell
Baden-Württemberg,75000-75999,75382 - Althengstett
Baden-Württemberg,75000-75999,75385 - Bad Teinach-Zavelstein
Baden-Württemberg,75000-75999,75385 - Dachshof
Baden-Württemberg,75000-75999,75385 - Glasmuehle
Baden-Württemberg,75000-75999,75385 - Lautenbachhof
Baden-Württemberg,75000-75999,75387 - Neubulach
Baden-Württemberg,75000-75999,75389 - Neuweiler
Baden-Württemberg,75000-75999,75391 - Gechingen
Baden-Württemberg,75000-75999,75392 - Deckenpfronn
Baden-Württemberg,75000-75999,75394 - Oberreichenbach
Baden-Württemberg,75000-75999,75395 - Ostelsheim
Baden-Württemberg,75000-75999,75397 - Simmozheim
Baden-Württemberg,75000-75999,75399 - Nagoldtal
Baden-Württemberg,75000-75999,75399 - Untere Muehle
Baden-Württemberg,75000-75999,75399 - Unterreichenbach
Baden-Württemberg,75000-75999,75417 - Muehlacker
Baden-Württemberg,75000-75999,75428 - Illingen
Baden-Württemberg,75000-75999,75433 - Maulbronn
Baden-Württemberg,75000-75999,75438 - Knittlingen
Baden-Württemberg,75000-75999,75443 - Ötisheim
Baden-Württemberg,75000-75999,75446 - Wiernsheim
Baden-Württemberg,75000-75999,75447 - Sternenfels
Baden-Württemberg,75000-75999,75449 - Wurmberg
Baden-Württemberg,76000-76999,76131 - Karlsruhe
Baden-Württemberg,76000-76999,76133 - Karlsruhe
Baden-Württemberg,76000-76999,76135 - Karlsruhe
Baden-Württemberg,76000-76999,76137 - Karlsruhe
Baden-Württemberg,76000-76999,76139 - Karlsruhe
Baden-Württemberg,76000-76999,76149 - Karlsruhe
Baden-Württemberg,76000-76999,76185 - Karlsruhe
Baden-Württemberg,76000-76999,76187 - Karlsruhe
Baden-Württemberg,76000-76999,76189 - Karlsruhe
Baden-Württemberg,76000-76999,76199 - Karlsruhe
Baden-Württemberg,76000-76999,76227 - Karlsruhe
Baden-Württemberg,76000-76999,76228 - Karlsruhe
Baden-Württemberg,76000-76999,76229 - Karlsruhe
Baden-Württemberg,76000-76999,76275 - Ettlingen
Baden-Württemberg,76000-76999,76287 - Rheinstetten
Baden-Württemberg,76000-76999,76297 - Stutensee
Baden-Württemberg,76000-76999,76307 - Karlsbad
Baden-Württemberg,76000-76999,76316 - Malsch
Baden-Württemberg,76000-76999,76327 - Pfinztal
Baden-Württemberg,76000-76999,76332 - Bad Herrenalb
Baden-Württemberg,76000-76999,76332 - Plotzsaegemuehle
Baden-Württemberg,76000-76999,76337 - Waldbronn
Baden-Württemberg,76000-76999,76344 - Eggenstein-Leopoldshafen
Baden-Württemberg,76000-76999,76351 - Linkenheim-Hochstetten
Baden-Württemberg,76000-76999,76356 - Weingarten
Baden-Württemberg,76000-76999,76356 - Werrabronn
Baden-Württemberg,76000-76999,76359 - Fischweier
Baden-Württemberg,76000-76999,76359 - Marxzell
Baden-Württemberg,76000-76999,76359 - Schoellbronner Muehle
Baden-Württemberg,76000-76999,76437 - Rastatt
Baden-Württemberg,76000-76999,76448 - Durmersheim
Baden-Württemberg,76000-76999,76456 - Kuppenheim
Baden-Württemberg,76000-76999,76461 - Muggensturm
Baden-Württemberg,76000-76999,76467 - Bietigheim
Baden-Württemberg,76000-76999,76470 - Ötigheim
Baden-Württemberg,76000-76999,76473 - Iffezheim
Baden-Württemberg,76000-76999,76474 - Au
Baden-Württemberg,76000-76999,76476 - Bischweier
Baden-Württemberg,76000-76999,76477 - Elchesheim-Illingen
Baden-Württemberg,76000-76999,76479 - Steinmauern
Baden-Württemberg,76000-76999,76530 - Baden-Baden
Baden-Württemberg,76000-76999,76532 - Baden-Baden
Baden-Württemberg,76000-76999,76534 - Baden-Baden
Baden-Württemberg,76000-76999,76547 - Sinzheim
Baden-Württemberg,76000-76999,76549 - Huegelsheim
Baden-Württemberg,76000-76999,76571 - Gaggenau
Baden-Württemberg,76000-76999,76593 - Gernsbach
Baden-Württemberg,76000-76999,76596 - Forbach
Baden-Württemberg,76000-76999,76597 - Loffenau
Baden-Württemberg,76000-76999,76599 - Weisenbach
Baden-Württemberg,76000-76999,76646 - Bruchsal
Baden-Württemberg,76000-76999,76661 - Philippsburg
Baden-Württemberg,76000-76999,76669 - Bad Schoenborn
Baden-Württemberg,76000-76999,76676 - Graben-Neudorf
Baden-Württemberg,76000-76999,76684 - Östringen
Baden-Württemberg,76000-76999,76689 - Karlsdorf-Neuthard
Baden-Württemberg,76000-76999,76694 - Fasanenhof
Baden-Württemberg,76000-76999,76694 - Forst
Baden-Württemberg,76000-76999,76698 - Ubstadt-Weiher
Baden-Württemberg,76000-76999,76703 - Kraichtal
Baden-Württemberg,76000-76999,76706 - Dettenheim
Baden-Württemberg,76000-76999,76707 - Hambruecken
Baden-Württemberg,76000-76999,76709 - Kronau
Baden-Württemberg,76000-76999,76726 - Altbrand
Baden-Württemberg,76000-76999,76726 - Germersheim
Baden-Württemberg,76000-76999,76726 - Vorwerk Friedrich
Baden-Württemberg,76000-76999,76744 - Hoellenmuehle
Baden-Württemberg,76000-76999,76744 - Vollmersweiler
Baden-Württemberg,76000-76999,76744 - Woerth
Baden-Württemberg,76000-76999,76751 - Jockgrim
Baden-Württemberg,76000-76999,76756 - Bellheim
Baden-Württemberg,76000-76999,76761 - Ruelzheim
Baden-Württemberg,76000-76999,76764 - Rheinzabern
Baden-Württemberg,76000-76999,76767 - Hagenbach
Baden-Württemberg,76000-76999,76767 - Neufeldhof
Baden-Württemberg,76000-76999,76768 - Berg
Baden-Württemberg,76000-76999,76770 - Hatzenbuehl
Baden-Württemberg,76000-76999,76771 - Hoerdt
Baden-Württemberg,76000-76999,76773 - Kuhardt
Baden-Württemberg,76000-76999,76774 - Leimersheim
Baden-Württemberg,76000-76999,76776 - Neuburg
Baden-Württemberg,76000-76999,76777 - Neupotz
Baden-Württemberg,76000-76999,76779 - Salmbacher Passage
Baden-Württemberg,76000-76999,76779 - Scheibenhardt
Baden-Württemberg,76000-76999,76829 - Landau
Baden-Württemberg,76000-76999,76829 - Leinsweiler
Baden-Württemberg,76000-76999,76829 - Modenbacherhof
Baden-Württemberg,76000-76999,76829 - Ranschbach
Baden-Württemberg,76000-76999,76831 - Billigheim-Ingenheim
Baden-Württemberg,76000-76999,76831 - Birkweiler
Baden-Württemberg,76000-76999,76831 - Eschbach
Baden-Württemberg,76000-76999,76831 - Goecklingen
Baden-Württemberg,76000-76999,76831 - Heuchelheim-Klingen
Baden-Württemberg,76000-76999,76831 - Ilbesheim
Baden-Württemberg,76000-76999,76831 - Impflingen
Baden-Württemberg,76000-76999,76831 - Ziegelhuette
Baden-Württemberg,76000-76999,76833 - Boechingen
Baden-Württemberg,76000-76999,76833 - Frankweiler
Baden-Württemberg,76000-76999,76833 - Knoeringen
Baden-Württemberg,76000-76999,76833 - Siebeldingen
Baden-Württemberg,76000-76999,76833 - Walsheim
Baden-Württemberg,76000-76999,76835 - Burrweiler
Baden-Württemberg,76000-76999,76835 - Flemlingen
Baden-Württemberg,76000-76999,76835 - Gleisweiler
Baden-Württemberg,76000-76999,76835 - Hainfeld
Baden-Württemberg,76000-76999,76835 - Rhodt
Baden-Württemberg,76000-76999,76835 - Roschbach
Baden-Württemberg,76000-76999,76835 - Weyher
Baden-Württemberg,76000-76999,"76835 - Wolfseck, Forsthaus"
Baden-Württemberg,76000-76999,76846 - Hauenstein
Baden-Württemberg,76000-76999,76848 - Darstein
Baden-Württemberg,76000-76999,76848 - Dimbach
Baden-Württemberg,76000-76999,76848 - Lug
Baden-Württemberg,76000-76999,76848 - Schwanheim
Baden-Württemberg,76000-76999,76848 - Spirkelbach
Baden-Württemberg,76000-76999,76848 - Wilgartswiesen
Baden-Württemberg,76000-76999,76855 - Annweiler
Baden-Württemberg,76000-76999,76855 - Kaisermuehle
Baden-Württemberg,76000-76999,76855 - Knochenmuehle
Baden-Württemberg,76000-76999,76857 - Albersweiler
Baden-Württemberg,76000-76999,76857 - Dernbach
Baden-Württemberg,76000-76999,76857 - Eusserthal
Baden-Württemberg,76000-76999,76857 - Gossersweiler-Stein
Baden-Württemberg,76000-76999,"76857 - Hoecker, Haus"
Baden-Württemberg,76000-76999,76857 - Muenchweiler
Baden-Württemberg,76000-76999,76857 - Neumuehle
Baden-Württemberg,76000-76999,76857 - Ramberg
Baden-Württemberg,76000-76999,76857 - Rinnthal
Baden-Württemberg,76000-76999,76857 - Silz
Baden-Württemberg,76000-76999,76857 - Taubensuhl
Baden-Württemberg,76000-76999,76857 - Voelkersweiler
Baden-Württemberg,76000-76999,76857 - Waldeck
Baden-Württemberg,76000-76999,76857 - Waldhambach
Baden-Württemberg,76000-76999,76857 - Waldrohrbach
Baden-Württemberg,76000-76999,76857 - Wernersberg
Baden-Württemberg,76000-76999,76863 - Herxheim
Baden-Württemberg,76000-76999,76863 - Herxheimweyher
Baden-Württemberg,76000-76999,76865 - Insheim
Baden-Württemberg,76000-76999,76865 - Rohrbach
Baden-Württemberg,76000-76999,76870 - Kandel
Baden-Württemberg,76000-76999,76872 - Bruchsiedlung
Baden-Württemberg,76000-76999,76872 - Erlenbach
Baden-Württemberg,76000-76999,76872 - Freckenfeld
Baden-Württemberg,76000-76999,76872 - Hergersweiler
Baden-Württemberg,76000-76999,76872 - Minfeld
Baden-Württemberg,76000-76999,76872 - Steinweiler
Baden-Württemberg,76000-76999,76872 - Winden
Baden-Württemberg,76000-76999,76877 - Fuchsmuehle
Baden-Württemberg,76000-76999,76877 - Offenbach
Baden-Württemberg,76000-76999,76879 - Bornheim
Baden-Württemberg,76000-76999,76879 - Dreihof
Baden-Württemberg,76000-76999,76879 - Essingen
Baden-Württemberg,76000-76999,76879 - Hochstadt
Baden-Württemberg,76000-76999,76879 - Knittelsheim
Baden-Württemberg,76000-76999,76879 - Ottersheim
Baden-Württemberg,76000-76999,76887 - Bad Bergzabern
Baden-Württemberg,76000-76999,76887 - Boellenborn
Baden-Württemberg,76000-76999,76887 - Gehlmuehle
Baden-Württemberg,76000-76999,76887 - Oberhausen
Baden-Württemberg,76000-76999,76887 - Sandbuehlerhof
Baden-Württemberg,76000-76999,76889 - Am Springberg
Baden-Württemberg,76000-76999,76889 - Barbelroth
Baden-Württemberg,76000-76999,76889 - Birkenhoerdt
Baden-Württemberg,76000-76999,76889 - Dierbach
Baden-Württemberg,76000-76999,76889 - Doerrenbach
Baden-Württemberg,76000-76999,76889 - Gleiszellen-Gleishorbach
Baden-Württemberg,76000-76999,76889 - Haftelhof
Baden-Württemberg,76000-76999,76889 - Kapellen-Drusweiler
Baden-Württemberg,76000-76999,76889 - Kapsweyer
Baden-Württemberg,76000-76999,76889 - Kleinsteinfeld
Baden-Württemberg,76000-76999,76889 - Klingenmuenster
Baden-Württemberg,76000-76999,76889 - Niederhorbach
Baden-Württemberg,76000-76999,76889 - Niederotterbach
Baden-Württemberg,76000-76999,76889 - Oberotterbach
Baden-Württemberg,76000-76999,76889 - Oberschlettenbach
Baden-Württemberg,76000-76999,76889 - Pleisweiler-Oberhofen
Baden-Württemberg,76000-76999,76889 - Schweigen-Rechtenbach
Baden-Württemberg,76000-76999,76889 - Schweighofen
Baden-Württemberg,76000-76999,76889 - Steinfeld
Baden-Württemberg,76000-76999,76889 - Vorderweidenthal
Baden-Württemberg,76000-76999,76889 - Waldhof
Baden-Württemberg,76000-76999,76891 - Bobenthal
Baden-Württemberg,76000-76999,76891 - Bruchweiler-Baerenbach
Baden-Württemberg,76000-76999,76891 - Bundenthal
Baden-Württemberg,76000-76999,76891 - Busenberg
Baden-Württemberg,76000-76999,76891 - Erlenbach
Baden-Württemberg,76000-76999,76891 - Falkenmuehle
Baden-Württemberg,76000-76999,76891 - Niederschlettenbach
Baden-Württemberg,76000-76999,76891 - Nothweiler
Baden-Württemberg,76000-76999,76891 - Rumbach
Baden-Württemberg,77000-77999,77652 - Offenburg
Baden-Württemberg,77000-77999,77654 - Offenburg
Baden-Württemberg,77000-77999,77656 - Offenburg
Baden-Württemberg,77000-77999,77694 - Kehl
Baden-Württemberg,77000-77999,77704 - Oberkirch
Baden-Württemberg,77000-77999,77709 - Oberwolfach
Baden-Württemberg,77000-77999,77709 - Wolfach
Baden-Württemberg,77000-77999,77716 - Fischerbach
Baden-Württemberg,77000-77999,77716 - Haslach
Baden-Württemberg,77000-77999,77716 - Hofstetten
Baden-Württemberg,77000-77999,77723 - Gengenbach
Baden-Württemberg,77000-77999,77728 - Oppenau
Baden-Württemberg,77000-77999,77731 - Willstaett
Baden-Württemberg,77000-77999,77736 - Zell
Baden-Württemberg,77000-77999,77740 - Bad Peterstal-Griesbach
Baden-Württemberg,77000-77999,77743 - Neuried
Baden-Württemberg,77000-77999,77746 - Schutterwald
Baden-Württemberg,77000-77999,77749 - Hohberg
Baden-Württemberg,77000-77999,77756 - Hausach
Baden-Württemberg,77000-77999,77761 - Schiltach
Baden-Württemberg,77000-77999,77767 - Appenweier
Baden-Württemberg,77000-77999,77770 - Durbach
Baden-Württemberg,77000-77999,77773 - Schenkenzell
Baden-Württemberg,77000-77999,77776 - Bad Rippoldsau-Schapbach
Baden-Württemberg,77000-77999,77781 - Biberach
Baden-Württemberg,77000-77999,77784 - Oberharmersbach
Baden-Württemberg,77000-77999,77787 - Nordrach
Baden-Württemberg,77000-77999,77790 - Steinach
Baden-Württemberg,77000-77999,77791 - Berghaupten
Baden-Württemberg,77000-77999,77793 - Gutach
Baden-Württemberg,77000-77999,77794 - Lautenbach
Baden-Württemberg,77000-77999,77796 - Muehlenbach
Baden-Württemberg,77000-77999,77797 - Ohlsbach
Baden-Württemberg,77000-77999,77799 - Ortenberg
Baden-Württemberg,77000-77999,77815 - Buehl
Baden-Württemberg,77000-77999,77830 - Buehlertal
Baden-Württemberg,77000-77999,77833 - Ottersweier
Baden-Württemberg,77000-77999,77836 - Rheinmuenster
Baden-Württemberg,77000-77999,77839 - Lichtenau
Baden-Württemberg,77000-77999,77855 - Achern
Baden-Württemberg,77000-77999,77866 - Rheinau
Baden-Württemberg,77000-77999,77871 - Renchen
Baden-Württemberg,77000-77999,77876 - Kappelrodeck
Baden-Württemberg,77000-77999,77880 - Sasbach
Baden-Württemberg,77000-77999,77883 - Ottenhoefen
Baden-Württemberg,77000-77999,77886 - Lauf
Baden-Württemberg,77000-77999,77887 - Sasbachwalden
Baden-Württemberg,77000-77999,77889 - Seebach
Baden-Württemberg,77000-77999,77933 - Lahr
Baden-Württemberg,77000-77999,77948 - Friesenheim
Baden-Württemberg,77000-77999,77955 - Ettenheim
Baden-Württemberg,77000-77999,77960 - Seelbach
Baden-Württemberg,77000-77999,77963 - Schwanau
Baden-Württemberg,77000-77999,77966 - Kappel-Grafenhausen
Baden-Württemberg,77000-77999,77971 - Kippenheim
Baden-Württemberg,77000-77999,77972 - Mahlberg
Baden-Württemberg,77000-77999,77974 - Meissenheim
Baden-Württemberg,77000-77999,77975 - Ringsheim
Baden-Württemberg,77000-77999,77977 - Rust
Baden-Württemberg,77000-77999,77978 - Schuttertal
Baden-Württemberg,78000-78999,78048 - Villingen-Schwenningen
Baden-Württemberg,78000-78999,78050 - Villingen-Schwenningen
Baden-Württemberg,78000-78999,78052 - Villingen-Schwenningen
Baden-Württemberg,78000-78999,78054 - Villingen-Schwenningen
Baden-Württemberg,78000-78999,78056 - Villingen-Schwenningen
Baden-Württemberg,78000-78999,78073 - Bad Duerrheim
Baden-Württemberg,78000-78999,78078 - Niedereschach
Baden-Württemberg,78000-78999,78083 - Dauchingen
Baden-Württemberg,78000-78999,78083 - Ebersteinerhof
Baden-Württemberg,78000-78999,78086 - Brigachtal
Baden-Württemberg,78000-78999,78087 - Moenchweiler
Baden-Württemberg,78000-78999,78089 - Unterkirnach
Baden-Württemberg,78000-78999,78098 - Triberg
Baden-Württemberg,78000-78999,78112 - St. Georgen
Baden-Württemberg,78000-78999,78112 - Schoren
Baden-Württemberg,78000-78999,78120 - Furtwangen
Baden-Württemberg,78000-78999,78126 - Koenigsfeld
Baden-Württemberg,78000-78999,78132 - Hornberg
Baden-Württemberg,78000-78999,78136 - Schonach
Baden-Württemberg,78000-78999,78141 - Schoenwald
Baden-Württemberg,78000-78999,78144 - Tennenbronn
Baden-Württemberg,78000-78999,78147 - Voehrenbach
Baden-Württemberg,78000-78999,78148 - Guetenbach
Baden-Württemberg,78000-78999,78166 - Donaueschingen
Baden-Württemberg,78000-78999,78176 - Blumberg
Baden-Württemberg,78000-78999,78183 - Huefingen
Baden-Württemberg,78000-78999,78187 - Geisingen
Baden-Württemberg,78000-78999,78194 - Immendingen
Baden-Württemberg,78000-78999,78199 - Braeunlingen
Baden-Württemberg,78000-78999,78224 - Singen
Baden-Württemberg,78000-78999,78234 - Engen
Baden-Württemberg,78000-78999,78239 - Rielasingen-Worblingen
Baden-Württemberg,78000-78999,78244 - Gottmadingen
Baden-Württemberg,78000-78999,78247 - Hilzingen
Baden-Württemberg,78000-78999,78250 - Tengen
Baden-Württemberg,78000-78999,78253 - Eigeltingen
Baden-Württemberg,78000-78999,78256 - Steisslingen
Baden-Württemberg,78000-78999,78259 - Muehlhausen-Ehingen
Baden-Württemberg,78000-78999,78262 - Gailingen
Baden-Württemberg,78000-78999,78266 - Buesingen
Baden-Württemberg,78000-78999,78267 - Aach
Baden-Württemberg,78000-78999,78269 - Volkertshausen
Baden-Württemberg,78000-78999,78315 - Radolfzell
Baden-Württemberg,78000-78999,78333 - Stockach
Baden-Württemberg,78000-78999,78337 - Öhningen
Baden-Württemberg,78000-78999,78343 - Gaienhofen
Baden-Württemberg,78000-78999,78345 - Moos
Baden-Württemberg,78000-78999,78351 - Bodman-Ludwigshafen
Baden-Württemberg,78000-78999,78354 - Sipplingen
Baden-Württemberg,78000-78999,78355 - Hohenfels
Baden-Württemberg,78000-78999,78357 - Muehlingen
Baden-Württemberg,78000-78999,78359 - Orsingen-Nenzingen
Baden-Württemberg,78000-78999,78462 - Konstanz
Baden-Württemberg,78000-78999,78464 - Konstanz
Baden-Württemberg,78000-78999,78465 - Insel Mainau
Baden-Württemberg,78000-78999,78465 - Konstanz
Baden-Württemberg,78000-78999,78467 - Konstanz
Baden-Württemberg,78000-78999,78476 - Allensbach
Baden-Württemberg,78000-78999,78479 - Reichenau
Baden-Württemberg,78000-78999,78532 - Tuttlingen
Baden-Württemberg,78000-78999,78549 - Spaichingen
Baden-Württemberg,78000-78999,78554 - Aldingen
Baden-Württemberg,78000-78999,78554 - Erlenmuehle
Baden-Württemberg,78000-78999,78554 - Michelhoelzle
Baden-Württemberg,78000-78999,78559 - Gosheim
Baden-Württemberg,78000-78999,78564 - Reichenbach
Baden-Württemberg,78000-78999,78564 - Wehingen
Baden-Württemberg,78000-78999,78567 - Fridingen
Baden-Württemberg,78000-78999,78567 - Scheuerlehof
Baden-Württemberg,78000-78999,78570 - Muehlheim
Baden-Württemberg,78000-78999,78573 - Wurmlingen
Baden-Württemberg,78000-78999,78576 - Emmingen-Liptingen
Baden-Württemberg,78000-78999,78579 - Neuhausen
Baden-Württemberg,78000-78999,78580 - Baerenthal
Baden-Württemberg,78000-78999,78580 - Hammer
Baden-Württemberg,78000-78999,78582 - Balgheim
Baden-Württemberg,78000-78999,78583 - Boettingen
Baden-Württemberg,78000-78999,78585 - Bubsheim
Baden-Württemberg,78000-78999,78586 - Deilingen
Baden-Württemberg,78000-78999,78588 - Denkingen
Baden-Württemberg,78000-78999,78589 - Duerbheim
Baden-Württemberg,78000-78999,78591 - Durchhausen
Baden-Württemberg,78000-78999,78592 - Egesheim
Baden-Württemberg,78000-78999,78594 - Gunningen
Baden-Württemberg,78000-78999,78595 - Hausen
Baden-Württemberg,78000-78999,78597 - Irndorf
Baden-Württemberg,78000-78999,78598 - Koenigsheim
Baden-Württemberg,78000-78999,78600 - Kolbingen
Baden-Württemberg,78000-78999,78601 - Mahlstetten
Baden-Württemberg,78000-78999,78603 - Renquishausen
Baden-Württemberg,78000-78999,78604 - Rietheim-Weilheim
Baden-Württemberg,78000-78999,78606 - Seitingen-Oberflacht
Baden-Württemberg,78000-78999,78607 - Talheim
Baden-Württemberg,78000-78999,78609 - Tuningen
Baden-Württemberg,78000-78999,78628 - Hochhalden
Baden-Württemberg,78000-78999,78628 - Rottweil
Baden-Württemberg,78000-78999,78647 - Trossingen
Baden-Württemberg,78000-78999,78652 - Deisslingen
Baden-Württemberg,78000-78999,78652 - Unterrotenstein
Baden-Württemberg,78000-78999,78652 - Wildenstein
Baden-Württemberg,78000-78999,78655 - Dunningen
Baden-Württemberg,78000-78999,78658 - Zimmern
Baden-Württemberg,78000-78999,78661 - Dietingen
Baden-Württemberg,78000-78999,78662 - Boesingen
Baden-Württemberg,78000-78999,78664 - Eschbronn
Baden-Württemberg,78000-78999,78665 - Frittlingen
Baden-Württemberg,78000-78999,78667 - Hochwald
Baden-Württemberg,78000-78999,78667 - Villingendorf
Baden-Württemberg,78000-78999,78669 - Wellendingen
Baden-Württemberg,78000-78999,78713 - Gifizenmoos
Baden-Württemberg,78000-78999,78713 - Schramberg
Baden-Württemberg,78000-78999,78727 - Oberndorf
Baden-Württemberg,78000-78999,78730 - Lauterbach
Baden-Württemberg,78000-78999,78730 - Schlosshof
Baden-Württemberg,78000-78999,78730 - Wolfsbuehl
Baden-Württemberg,78000-78999,78733 - Aichhalden
Baden-Württemberg,78000-78999,78733 - Breitreute
Baden-Württemberg,78000-78999,78733 - Neuhaus
Baden-Württemberg,78000-78999,78736 - Epfendorf
Baden-Württemberg,78000-78999,78737 - Fluorn-Winzeln
Baden-Württemberg,78000-78999,78739 - Hardt
Baden-Württemberg,79000-79999,79098 - Freiburg
Baden-Württemberg,79000-79999,79100 - Freiburg
Baden-Württemberg,79000-79999,79102 - Freiburg
Baden-Württemberg,79000-79999,79104 - Freiburg
Baden-Württemberg,79000-79999,79106 - Freiburg
Baden-Württemberg,79000-79999,79108 - Freiburg
Baden-Württemberg,79000-79999,79110 - Freiburg
Baden-Württemberg,79000-79999,79111 - Freiburg
Baden-Württemberg,79000-79999,79112 - Freiburg
Baden-Württemberg,79000-79999,79114 - Freiburg
Baden-Württemberg,79000-79999,79115 - Freiburg
Baden-Württemberg,79000-79999,79117 - Freiburg
Baden-Württemberg,79000-79999,79183 - Waldkirch
Baden-Württemberg,79000-79999,79189 - Bad Krozingen
Baden-Württemberg,79000-79999,79194 - Gundelfingen
Baden-Württemberg,79000-79999,79194 - Heuweiler
Baden-Württemberg,79000-79999,79199 - Kirchzarten
Baden-Württemberg,79000-79999,79206 - Breisach
Baden-Württemberg,79000-79999,79211 - Denzlingen
Baden-Württemberg,79000-79999,79215 - Biederbach
Baden-Württemberg,79000-79999,79215 - Elzach
Baden-Württemberg,79000-79999,79219 - Staufen
Baden-Württemberg,79000-79999,79224 - Umkirch
Baden-Württemberg,79000-79999,79227 - Schallstadt
Baden-Württemberg,79000-79999,79232 - March
Baden-Württemberg,79000-79999,79235 - Vogtsburg
Baden-Württemberg,79000-79999,79238 - Ehrenkirchen
Baden-Württemberg,79000-79999,79241 - Ihringen
Baden-Württemberg,79000-79999,79244 - Muenstertal
Baden-Württemberg,79000-79999,79249 - Merzhausen
Baden-Württemberg,79000-79999,79252 - Stegen
Baden-Württemberg,79000-79999,79254 - Oberried
Baden-Württemberg,79000-79999,79256 - Buchenbach
Baden-Württemberg,79000-79999,79258 - Hartheim
Baden-Württemberg,79000-79999,79261 - Gutach
Baden-Württemberg,79000-79999,79263 - Simonswald
Baden-Württemberg,79000-79999,79268 - Boetzingen
Baden-Württemberg,79000-79999,79271 - St. Peter
Baden-Württemberg,79000-79999,79274 - St. Maergen
Baden-Württemberg,79000-79999,79276 - Reute
Baden-Württemberg,79000-79999,79279 - Voerstetten
Baden-Württemberg,79000-79999,79280 - Au
Baden-Württemberg,79000-79999,79282 - Ballrechten-Dottingen
Baden-Württemberg,79000-79999,79283 - Bollschweil
Baden-Württemberg,79000-79999,79285 - Ebringen
Baden-Württemberg,79000-79999,79286 - Glottertal
Baden-Württemberg,79000-79999,79288 - Gottenheim
Baden-Württemberg,79000-79999,79289 - Horben
Baden-Württemberg,79000-79999,79291 - Merdingen
Baden-Württemberg,79000-79999,79292 - Pfaffenweiler
Baden-Württemberg,79000-79999,79294 - Soelden
Baden-Württemberg,79000-79999,79295 - Sulzburg
Baden-Württemberg,79000-79999,79297 - Winden
Baden-Württemberg,79000-79999,79299 - Wittnau
Baden-Württemberg,79000-79999,79312 - Emmendingen
Baden-Württemberg,79000-79999,79312 - Landeck
Baden-Württemberg,79000-79999,79331 - Teningen
Baden-Württemberg,79000-79999,79336 - Herbolzheim
Baden-Württemberg,79000-79999,79341 - Kenzingen
Baden-Württemberg,79000-79999,79346 - Endingen
Baden-Württemberg,79000-79999,79348 - Freiamt
Baden-Württemberg,79000-79999,79350 - Sexau
Baden-Württemberg,79000-79999,79353 - Bahlingen
Baden-Württemberg,79000-79999,79356 - Eichstetten
Baden-Württemberg,79000-79999,79359 - Riegel
Baden-Württemberg,79000-79999,79361 - Sasbach
Baden-Württemberg,79000-79999,79362 - Forchheim
Baden-Württemberg,79000-79999,79364 - Malterdingen
Baden-Württemberg,79000-79999,79365 - Rheinhausen
Baden-Württemberg,79000-79999,79367 - Weisweil
Baden-Württemberg,79000-79999,79369 - Wyhl
Baden-Württemberg,79000-79999,79379 - Muellheim
Baden-Württemberg,79000-79999,79395 - Neuenburg
Baden-Württemberg,79000-79999,79400 - Kandern
Baden-Württemberg,79000-79999,79410 - Badenweiler
Baden-Württemberg,79000-79999,79415 - Bad Bellingen
Baden-Württemberg,79000-79999,79418 - Schliengen
Baden-Württemberg,79000-79999,79423 - Heitersheim
Baden-Württemberg,79000-79999,79424 - Auggen
Baden-Württemberg,79000-79999,79426 - Buggingen
Baden-Württemberg,79000-79999,79427 - Eschbach
Baden-Württemberg,79000-79999,79429 - Malsburg-Marzell
Baden-Württemberg,79000-79999,79539 - Loerrach
Baden-Württemberg,79000-79999,79540 - Loerrach
Baden-Württemberg,79000-79999,79541 - Loerrach
Baden-Württemberg,79000-79999,79576 - Weil am Rhein
Baden-Württemberg,79000-79999,79585 - Steinen
Baden-Württemberg,79000-79999,79588 - Efringen-Kirchen
Baden-Württemberg,79000-79999,79589 - Binzen
Baden-Württemberg,79000-79999,79591 - Eimeldingen
Baden-Württemberg,79000-79999,79592 - Fischingen
Baden-Württemberg,79000-79999,79594 - Inzlingen
Baden-Württemberg,79000-79999,79595 - Ruemmingen
Baden-Württemberg,79000-79999,79597 - Schallbach
Baden-Württemberg,79000-79999,79599 - Wittlingen
Baden-Württemberg,79000-79999,79618 - Rheinfelden
Baden-Württemberg,79000-79999,79639 - Grenzach-Wyhlen
Baden-Württemberg,79000-79999,79650 - Schopfheim
Baden-Württemberg,79000-79999,79664 - Wehr
Baden-Württemberg,79000-79999,79669 - Zell
Baden-Württemberg,79000-79999,79674 - Todtnau
Baden-Württemberg,79000-79999,79677 - Aitern
Baden-Württemberg,79000-79999,79677 - Boellen
Baden-Württemberg,79000-79999,79677 - Froehnd
Baden-Württemberg,79000-79999,79677 - Schoenau
Baden-Württemberg,79000-79999,79677 - Schoenenberg
Baden-Württemberg,79000-79999,79677 - Tunau
Baden-Württemberg,79000-79999,79677 - Wembach
Baden-Württemberg,79000-79999,79682 - Todtmoos
Baden-Württemberg,79000-79999,79683 - Buerchau
Baden-Württemberg,79000-79999,79685 - Haeg-Ehrsberg
Baden-Württemberg,79000-79999,79686 - Hasel
Baden-Württemberg,79000-79999,79688 - Hausen
Baden-Württemberg,79000-79999,79689 - Maulburg
Baden-Württemberg,79000-79999,79691 - Neuenweg
Baden-Württemberg,79000-79999,79692 - Elbenschwand
Baden-Württemberg,79000-79999,79692 - Raich
Baden-Württemberg,79000-79999,79692 - Sallneck
Baden-Württemberg,79000-79999,79692 - Tegernau
Baden-Württemberg,79000-79999,79694 - Utzenfeld
Baden-Württemberg,79000-79999,79695 - Wieden
Baden-Württemberg,79000-79999,79697 - Wies
Baden-Württemberg,79000-79999,79699 - Wieslet
Baden-Württemberg,79000-79999,79713 - Bad Saeckingen
Baden-Württemberg,79000-79999,79725 - Laufenburg
Baden-Württemberg,79000-79999,79730 - Murg
Baden-Württemberg,79000-79999,79733 - Goerwihl
Baden-Württemberg,79000-79999,79736 - Rickenbach
Baden-Württemberg,79000-79999,79737 - Herrischried
Baden-Württemberg,79000-79999,79739 - Schwoerstadt
Baden-Württemberg,79000-79999,79761 - Waldshut-Tiengen
Baden-Württemberg,79000-79999,79771 - Klettgau
Baden-Württemberg,79000-79999,79774 - Albbruck
Baden-Württemberg,79000-79999,79777 - šhlingen-Birkendorf
Baden-Württemberg,79000-79999,79780 - Stuehlingen
Baden-Württemberg,79000-79999,79787 - Lauchringen
Baden-Württemberg,79000-79999,79790 - Kuessaberg
Baden-Württemberg,79000-79999,79793 - Wutoeschingen
Baden-Württemberg,79000-79999,79798 - Jestetten
Baden-Württemberg,79000-79999,79801 - Hohentengen
Baden-Württemberg,79000-79999,79802 - Dettighofen
Baden-Württemberg,79000-79999,79804 - Dogern
Baden-Württemberg,79000-79999,79805 - Eggingen
Baden-Württemberg,79000-79999,79807 - Lottstetten
Baden-Württemberg,79000-79999,79809 - Weilheim
Baden-Württemberg,79000-79999,79822 - Titisee-Neustadt
Baden-Württemberg,79000-79999,79837 - Haeusern
Baden-Württemberg,79000-79999,79837 - Ibach
Baden-Württemberg,79000-79999,79837 - Oberkutterau
Baden-Württemberg,79000-79999,79837 - St. Blasien
Baden-Württemberg,79000-79999,79843 - Loeffingen
Baden-Württemberg,79000-79999,79848 - Bonndorf
Baden-Württemberg,79000-79999,79853 - Lenzkirch
Baden-Württemberg,79000-79999,79856 - Hinterzarten
Baden-Württemberg,79000-79999,79859 - Schluchsee
Baden-Württemberg,79000-79999,79862 - Hoechenschwand
Baden-Württemberg,79000-79999,79865 - Grafenhausen
Baden-Württemberg,79000-79999,79868 - Feldberg
Baden-Württemberg,79000-79999,79871 - Eisenbach
Baden-Württemberg,79000-79999,79872 - Bernau
Baden-Württemberg,79000-79999,79874 - Breitnau
Baden-Württemberg,79000-79999,79875 - Dachsberg
Baden-Württemberg,79000-79999,79875 - Luchle
Baden-Württemberg,79000-79999,79877 - Friedenweiler
Baden-Württemberg,79000-79999,79879 - Wutach
Baden-Württemberg,88000-88999,88001-88048 - Friedrichshafen
Baden-Württemberg,88000-88999,88074 - Meckenbeuren
Baden-Württemberg,88000-88999,88069 - Tettnang
Baden-Württemberg,88000-88999,88099 - Neukirch
Baden-Württemberg,88000-88999,88131 - Lindau
Baden-Württemberg,88000-88999,88181 – 88214 - Ravensburg
Baden-Württemberg,88000-88999,88239 - Wangen im Allgäu
Baden-Württemberg,88000-88999,88250 - Weingarten
Baden-Württemberg,88000-88999,88263 - Horgenzell
Baden-Württemberg,88000-88999,88268 - Wilhelmsdorf
Baden-Württemberg,88000-88999,88381-88400 - Biberach
Baden-Württemberg,88000-88999,88486 - Kirchberg an der Iller
Baden-Württemberg,88000-88999,88669 - Markdorf
Bavaria,63000-63999,63916 - Amorbach
Bavaria,80000-80999,80xxx - München
Bavaria,81000-81999,81000 - 81373 - München (may exist well into the 81900s)
Bavaria,81000-81999,81663 - EADS
Bavaria,82000-82999,82256 - Fürstenfeldbruck
Bavaria,82000-82999,82442 - Saulgrub
Bavaria,82000-82999,82467 - Garmisch-Partenkirchen
Bavaria,82000-82999,82515 - Wolfratshausen
Bavaria,84000-84999,84001-84036 - Landshut
Bavaria,84000-84999,84001 - Landshut
Bavaria,84000-84999,84026 - Landshut (centre)
Bavaria,84000-84999,84036 - Landshut
Bavaria,85000-85999,85049 - Ingolstadt
Bavaria,85000-85999,85077 - Manching
Bavaria,85000-85999,85221 - Dachau
Bavaria,85000-85999,85256 - Vierkirchen
Bavaria,85000-85999,85354 - Freising
Bavaria,85000-85999,85356 - Freising
Bavaria,85000-85999,85653 - Aying
Bavaria,86000-86999,86000-86199 - Augsburg
Bavaria,86000-86999,86000 - Augsburg
Bavaria,86000-86999,86150 - Augsburg (centre)
Bavaria,86000-86999,86199 - Augsburg
Bavaria,86000-86999,86316 - Friedberg
Bavaria,86000-86999,86381 - Krumbach (Schwaben)
Bavaria,86000-86999,86478 - Garching
Bavaria,86000-86999,86899 - Landsberg Am Lech
Bavaria,87000-87999,87448 - Waltenhofen
Bavaria,89000-89999,89420 - Höchstädt an der Donau
Bavaria,90000-90999,"903xx, 904xx - Nürnberg"
Bavaria,90000-90999,905xx - Nürnberg southeastern suburbs
Bavaria,91000-91999,91001-91058 - Erlangen
Bavaria,91000-91999,91001 - Erlangen
Bavaria,91000-91999,91052 - Erlangen (centre)
Bavaria,91000-91999,91058 - Erlangen
Bavaria,91000-91999,91077 - Neunkirchen am Brand
Bavaria,91000-91999,91126 - Schwabach
Bavaria,91000-91999,91154 - Roth
Bavaria,91000-91999,91174 / 91161 - Hilpoltstein
Bavaria,91000-91999,91183 - Abenberg
Bavaria,91000-91999,91189 - Rohr
Bavaria,91000-91999,91275 - Auerbach in der Oberpfalz
Bavaria,91000-91999,91522 - Ansbach
Bavaria,92000-92999,92224 - Amberg
Bavaria,92000-92999,92242 - Hirschau
Bavaria,92000-92999,92281 - Königstein (Oberpfalz)
Bavaria,92000-92999,92331 - Parsberg
Bavaria,92000-92999,92342 - Freystadt
Bavaria,92000-92999,92366 - Hohenfels
Bavaria,92000-92999,92421 - Schwandorf
Bavaria,92000-92999,92436 - Bruck in der Oberpfalz
Bavaria,92000-92999,92627 - Weiden in der Oberpfalz
Bavaria,92000-92999,92665 - Altenstadt an der Waldnaab
Bavaria,93000-93999,93001-93059 - Regensburg
Bavaria,93000-93999,93001 - Regensburg
Bavaria,93000-93999,93047 - Regensburg (centre)
Bavaria,93000-93999,93055 - Regensburg
Bavaria,93000-93999,93164 - Brunn
Bavaria,94000-94999,94034 - Passau
Bavaria,94000-94999,94569 - Stephanspoching
Bavaria,95000-95999,95401-95448 - Bayreuth
Bavaria,95000-95999,95401 - Bayreuth
Bavaria,95000-95999,95444 - Bayreuth (center)
Bavaria,95000-95999,95448 - Bayreuth
Bavaria,95000-95999,95632 - Wunsiedel
